2025-09-12 22:32:51,394 - INFO - Initializing Face Recognition System...
2025-09-12 22:32:51,396 - WARNING - Encodings file not found: encodings/encodings.pkl
2025-09-12 22:32:51,396 - WARNING - No encodings loaded - system will run in detection-only mode
2025-09-12 22:33:01,421 - ERROR - Error fetching camera configurations: HTTPConnectionPool(host='localhost', port=3000): Read timed out. (read timeout=10)
2025-09-12 22:33:01,422 - WARNING - No camera configurations found
2025-09-12 22:33:01,424 - WARNING - No cameras initialized - API mode only
2025-09-12 22:33:01,424 - ERROR - Failed to initialize system
2025-09-12 22:33:01,892 - INFO - Cleaning up resources...
2025-09-12 22:33:02,188 - INFO - Cleanup completed
2025-09-12 22:34:17,264 - INFO - Initializing Face Recognition System...
2025-09-12 22:34:17,274 - INFO - Loaded 3 encodings for 2 people
2025-09-12 22:34:24,109 - ERROR - Cannot open camera entre1
2025-09-12 22:34:29,674 - ERROR - Cannot open camera pc
2025-09-12 22:34:29,674 - INFO - Initialized 0 cameras
2025-09-12 22:34:29,675 - WARNING - No cameras initialized - API mode only
2025-09-12 22:34:29,675 - ERROR - Failed to initialize system
2025-09-12 22:34:29,675 - INFO - Cleaning up resources...
2025-09-12 22:34:29,683 - INFO - Cleanup completed
2025-09-12 22:41:20,555 - INFO - Initializing Face Recognition System...
2025-09-12 22:41:20,765 - INFO - Loaded 3 encodings for 2 people
2025-09-12 22:41:24,946 - INFO - Camera iheb initialized successfully
2025-09-12 22:41:30,284 - ERROR - Cannot open camera pc
2025-09-12 22:41:30,300 - INFO - Initialized 1 cameras
2025-09-12 22:41:30,303 - INFO - System initialized with 1 cameras
2025-09-12 22:41:30,304 - INFO - Starting face recognition processing...
2025-09-12 22:41:30,305 - INFO - Starting processing with 2 processes
2025-09-12 22:41:31,008 - ERROR - Error processing recognition results: cannot pickle '_thread.lock' object
2025-09-12 22:41:31,247 - ERROR - Error processing recognition results: cannot pickle '_thread.lock' object
2025-09-12 22:41:31,652 - ERROR - Error processing recognition results: cannot pickle '_thread.lock' object
2025-09-12 22:41:31,848 - ERROR - Error processing recognition results: cannot pickle '_thread.lock' object
2025-09-12 22:41:32,047 - ERROR - Error processing recognition results: cannot pickle '_thread.lock' object
2025-09-12 22:41:32,246 - ERROR - Error processing recognition results: cannot pickle '_thread.lock' object
2025-09-12 22:41:32,444 - ERROR - Error processing recognition results: cannot pickle '_thread.lock' object
2025-09-12 22:41:32,644 - ERROR - Error processing recognition results: cannot pickle '_thread.lock' object
2025-09-12 22:41:32,918 - ERROR - Error processing recognition results: cannot pickle '_thread.lock' object
2025-09-12 22:41:33,439 - ERROR - Error processing recognition results: cannot pickle '_thread.lock' object
2025-09-12 22:41:33,652 - ERROR - Error processing recognition results: cannot pickle '_thread.lock' object
2025-09-12 22:41:33,845 - ERROR - Error processing recognition results: cannot pickle '_thread.lock' object
2025-09-12 22:41:34,058 - ERROR - Error processing recognition results: cannot pickle '_thread.lock' object
2025-09-12 22:41:34,303 - ERROR - Error processing recognition results: cannot pickle '_thread.lock' object
2025-09-12 22:41:34,497 - ERROR - Error processing recognition results: cannot pickle '_thread.lock' object
2025-09-12 22:41:34,687 - ERROR - Error processing recognition results: cannot pickle '_thread.lock' object
2025-09-12 22:41:34,876 - ERROR - Error processing recognition results: cannot pickle '_thread.lock' object
2025-09-12 22:41:35,076 - ERROR - Error processing recognition results: cannot pickle '_thread.lock' object
2025-09-12 22:41:35,272 - ERROR - Error processing recognition results: cannot pickle '_thread.lock' object
2025-09-12 22:41:35,495 - ERROR - Error processing recognition results: cannot pickle '_thread.lock' object
2025-09-12 22:41:35,716 - ERROR - Error processing recognition results: cannot pickle '_thread.lock' object
2025-09-12 22:41:35,952 - ERROR - Error processing recognition results: cannot pickle '_thread.lock' object
2025-09-12 22:41:36,186 - ERROR - Error processing recognition results: cannot pickle '_thread.lock' object
2025-09-12 22:41:36,375 - ERROR - Error processing recognition results: cannot pickle '_thread.lock' object
2025-09-12 22:41:36,575 - ERROR - Error processing recognition results: cannot pickle '_thread.lock' object
2025-09-12 22:41:36,762 - ERROR - Error processing recognition results: cannot pickle '_thread.lock' object
2025-09-12 22:41:37,042 - ERROR - Error processing recognition results: cannot pickle '_thread.lock' object
2025-09-12 22:41:37,235 - ERROR - Error processing recognition results: cannot pickle '_thread.lock' object
2025-09-12 22:41:37,452 - ERROR - Error processing recognition results: cannot pickle '_thread.lock' object
2025-09-12 22:41:37,750 - ERROR - Error processing recognition results: cannot pickle '_thread.lock' object
2025-09-12 22:41:37,955 - ERROR - Error processing recognition results: cannot pickle '_thread.lock' object
2025-09-12 22:41:38,151 - ERROR - Error processing recognition results: cannot pickle '_thread.lock' object
2025-09-12 22:41:39,069 - ERROR - Error processing recognition results: cannot pickle '_thread.lock' object
2025-09-12 22:41:39,283 - ERROR - Error processing recognition results: cannot pickle '_thread.lock' object
2025-09-12 22:41:39,473 - ERROR - Error processing recognition results: cannot pickle '_thread.lock' object
2025-09-12 22:41:40,536 - ERROR - Error processing recognition results: cannot pickle '_thread.lock' object
2025-09-12 22:41:40,728 - ERROR - Error processing recognition results: cannot pickle '_thread.lock' object
2025-09-12 22:41:40,954 - ERROR - Error processing recognition results: cannot pickle '_thread.lock' object
2025-09-12 22:41:41,190 - ERROR - Error processing recognition results: cannot pickle '_thread.lock' object
2025-09-12 22:41:41,420 - ERROR - Error processing recognition results: cannot pickle '_thread.lock' object
2025-09-12 22:41:41,613 - ERROR - Error processing recognition results: cannot pickle '_thread.lock' object
2025-09-12 22:41:41,817 - ERROR - Error processing recognition results: cannot pickle '_thread.lock' object
2025-09-12 22:41:42,464 - ERROR - Error processing recognition results: cannot pickle '_thread.lock' object
2025-09-12 22:41:42,654 - ERROR - Error processing recognition results: cannot pickle '_thread.lock' object
2025-09-12 22:41:42,844 - ERROR - Error processing recognition results: cannot pickle '_thread.lock' object
2025-09-12 22:41:43,337 - ERROR - Error processing recognition results: cannot pickle '_thread.lock' object
2025-09-12 22:41:43,522 - ERROR - Error processing recognition results: cannot pickle '_thread.lock' object
2025-09-12 22:41:43,722 - ERROR - Error processing recognition results: cannot pickle '_thread.lock' object
2025-09-12 22:41:43,934 - ERROR - Error processing recognition results: cannot pickle '_thread.lock' object
2025-09-12 22:41:44,151 - ERROR - Error processing recognition results: cannot pickle '_thread.lock' object
2025-09-12 22:41:44,496 - ERROR - Error processing recognition results: cannot pickle '_thread.lock' object
2025-09-12 22:41:44,691 - ERROR - Error processing recognition results: cannot pickle '_thread.lock' object
2025-09-12 22:41:44,902 - ERROR - Error processing recognition results: cannot pickle '_thread.lock' object
2025-09-12 22:41:45,121 - ERROR - Error processing recognition results: cannot pickle '_thread.lock' object
2025-09-12 22:41:45,335 - ERROR - Error processing recognition results: cannot pickle '_thread.lock' object
2025-09-12 22:41:45,625 - ERROR - Error processing recognition results: cannot pickle '_thread.lock' object
2025-09-12 22:41:45,885 - ERROR - Error processing recognition results: cannot pickle '_thread.lock' object
2025-09-12 22:41:46,103 - ERROR - Error processing recognition results: cannot pickle '_thread.lock' object
2025-09-12 22:41:46,316 - ERROR - Error processing recognition results: cannot pickle '_thread.lock' object
2025-09-12 22:41:46,522 - ERROR - Error processing recognition results: cannot pickle '_thread.lock' object
2025-09-12 22:41:46,730 - ERROR - Error processing recognition results: cannot pickle '_thread.lock' object
2025-09-12 22:41:46,941 - ERROR - Error processing recognition results: cannot pickle '_thread.lock' object
2025-09-12 22:41:47,382 - ERROR - Error processing recognition results: cannot pickle '_thread.lock' object
2025-09-12 22:41:47,590 - ERROR - Error processing recognition results: cannot pickle '_thread.lock' object
2025-09-12 22:41:47,803 - ERROR - Error processing recognition results: cannot pickle '_thread.lock' object
2025-09-12 22:41:48,020 - ERROR - Error processing recognition results: cannot pickle '_thread.lock' object
2025-09-12 22:41:48,211 - ERROR - Error processing recognition results: cannot pickle '_thread.lock' object
2025-09-12 22:41:49,053 - ERROR - Error processing recognition results: cannot pickle '_thread.lock' object
2025-09-12 22:41:49,258 - ERROR - Error processing recognition results: cannot pickle '_thread.lock' object
2025-09-12 22:41:49,476 - ERROR - Error processing recognition results: cannot pickle '_thread.lock' object
2025-09-12 22:41:49,673 - ERROR - Error processing recognition results: cannot pickle '_thread.lock' object
2025-09-12 22:41:50,368 - ERROR - Error processing recognition results: cannot pickle '_thread.lock' object
2025-09-12 22:41:50,555 - ERROR - Error processing recognition results: cannot pickle '_thread.lock' object
2025-09-12 22:41:50,755 - ERROR - Error processing recognition results: cannot pickle '_thread.lock' object
2025-09-12 22:41:50,947 - ERROR - Error processing recognition results: cannot pickle '_thread.lock' object
2025-09-12 22:41:51,520 - ERROR - Error processing recognition results: cannot pickle '_thread.lock' object
2025-09-12 22:41:51,705 - ERROR - Error processing recognition results: cannot pickle '_thread.lock' object
2025-09-12 22:41:51,897 - ERROR - Error processing recognition results: cannot pickle '_thread.lock' object
2025-09-12 22:41:52,085 - ERROR - Error processing recognition results: cannot pickle '_thread.lock' object
2025-09-12 22:41:52,306 - ERROR - Error processing recognition results: cannot pickle '_thread.lock' object
2025-09-12 22:41:52,520 - ERROR - Error processing recognition results: cannot pickle '_thread.lock' object
2025-09-12 22:41:52,707 - ERROR - Error processing recognition results: cannot pickle '_thread.lock' object
2025-09-12 22:41:53,524 - ERROR - Error processing recognition results: cannot pickle '_thread.lock' object
2025-09-12 22:41:53,709 - ERROR - Error processing recognition results: cannot pickle '_thread.lock' object
2025-09-12 22:41:53,902 - ERROR - Error processing recognition results: cannot pickle '_thread.lock' object
2025-09-12 22:41:54,110 - ERROR - Error processing recognition results: cannot pickle '_thread.lock' object
2025-09-12 22:41:54,328 - ERROR - Error processing recognition results: cannot pickle '_thread.lock' object
2025-09-12 22:41:54,528 - ERROR - Error processing recognition results: cannot pickle '_thread.lock' object
2025-09-12 22:41:54,881 - ERROR - Error processing recognition results: cannot pickle '_thread.lock' object
2025-09-12 22:41:55,269 - ERROR - Error processing recognition results: cannot pickle '_thread.lock' object
2025-09-12 22:41:55,467 - ERROR - Error processing recognition results: cannot pickle '_thread.lock' object
2025-09-12 22:41:55,663 - ERROR - Error processing recognition results: cannot pickle '_thread.lock' object
2025-09-12 22:41:56,120 - ERROR - Error processing recognition results: cannot pickle '_thread.lock' object
2025-09-12 22:41:56,328 - ERROR - Error processing recognition results: cannot pickle '_thread.lock' object
2025-09-12 22:41:56,532 - ERROR - Error processing recognition results: cannot pickle '_thread.lock' object
2025-09-12 22:41:56,718 - ERROR - Error processing recognition results: cannot pickle '_thread.lock' object
2025-09-12 22:41:56,920 - ERROR - Error processing recognition results: cannot pickle '_thread.lock' object
2025-09-12 22:41:57,851 - ERROR - Error processing recognition results: cannot pickle '_thread.lock' object
2025-09-12 22:41:58,065 - ERROR - Error processing recognition results: cannot pickle '_thread.lock' object
2025-09-12 22:41:58,263 - ERROR - Error processing recognition results: cannot pickle '_thread.lock' object
2025-09-12 22:41:58,475 - ERROR - Error processing recognition results: cannot pickle '_thread.lock' object
2025-09-12 22:41:58,670 - ERROR - Error processing recognition results: cannot pickle '_thread.lock' object
2025-09-12 22:41:58,895 - ERROR - Error processing recognition results: cannot pickle '_thread.lock' object
2025-09-12 22:41:59,110 - ERROR - Error processing recognition results: cannot pickle '_thread.lock' object
2025-09-12 22:41:59,307 - ERROR - Error processing recognition results: cannot pickle '_thread.lock' object
2025-09-12 22:42:00,076 - ERROR - Error processing recognition results: cannot pickle '_thread.lock' object
2025-09-12 22:42:00,299 - ERROR - Error processing recognition results: cannot pickle '_thread.lock' object
2025-09-12 22:42:00,508 - ERROR - Error processing recognition results: cannot pickle '_thread.lock' object
2025-09-12 22:42:01,125 - ERROR - Error processing recognition results: cannot pickle '_thread.lock' object
2025-09-12 22:42:01,318 - ERROR - Error processing recognition results: cannot pickle '_thread.lock' object
2025-09-12 22:42:02,178 - ERROR - Error processing recognition results: cannot pickle '_thread.lock' object
2025-09-12 22:42:02,391 - ERROR - Error processing recognition results: cannot pickle '_thread.lock' object
2025-09-12 22:42:02,589 - ERROR - Error processing recognition results: cannot pickle '_thread.lock' object
2025-09-12 22:42:03,461 - ERROR - Error processing recognition results: cannot pickle '_thread.lock' object
2025-09-12 22:42:03,652 - ERROR - Error processing recognition results: cannot pickle '_thread.lock' object
2025-09-12 22:42:03,837 - ERROR - Error processing recognition results: cannot pickle '_thread.lock' object
2025-09-12 22:42:04,055 - ERROR - Error processing recognition results: cannot pickle '_thread.lock' object
2025-09-12 22:42:05,077 - ERROR - Error processing recognition results: cannot pickle '_thread.lock' object
2025-09-12 22:42:05,268 - ERROR - Error processing recognition results: cannot pickle '_thread.lock' object
2025-09-12 22:42:05,460 - ERROR - Error processing recognition results: cannot pickle '_thread.lock' object
2025-09-12 22:42:06,164 - ERROR - Error processing recognition results: cannot pickle '_thread.lock' object
2025-09-12 22:42:06,351 - ERROR - Error processing recognition results: cannot pickle '_thread.lock' object
2025-09-12 22:42:06,572 - ERROR - Error processing recognition results: cannot pickle '_thread.lock' object
2025-09-12 22:42:06,760 - ERROR - Error processing recognition results: cannot pickle '_thread.lock' object
2025-09-12 22:42:06,976 - ERROR - Error processing recognition results: cannot pickle '_thread.lock' object
2025-09-12 22:42:07,487 - ERROR - Error processing recognition results: cannot pickle '_thread.lock' object
2025-09-12 22:42:07,675 - ERROR - Error processing recognition results: cannot pickle '_thread.lock' object
2025-09-12 22:42:07,865 - ERROR - Error processing recognition results: cannot pickle '_thread.lock' object
2025-09-12 22:42:08,058 - ERROR - Error processing recognition results: cannot pickle '_thread.lock' object
2025-09-12 22:42:08,553 - ERROR - Error processing recognition results: cannot pickle '_thread.lock' object
2025-09-12 22:42:08,764 - ERROR - Error processing recognition results: cannot pickle '_thread.lock' object
2025-09-12 22:42:08,952 - ERROR - Error processing recognition results: cannot pickle '_thread.lock' object
2025-09-12 22:42:09,141 - ERROR - Error processing recognition results: cannot pickle '_thread.lock' object
2025-09-12 22:42:09,348 - ERROR - Error processing recognition results: cannot pickle '_thread.lock' object
2025-09-12 22:42:09,659 - ERROR - Error processing recognition results: cannot pickle '_thread.lock' object
2025-09-12 22:42:10,398 - ERROR - Error processing recognition results: cannot pickle '_thread.lock' object
2025-09-12 22:42:10,588 - ERROR - Error processing recognition results: cannot pickle '_thread.lock' object
2025-09-12 22:42:10,775 - ERROR - Error processing recognition results: cannot pickle '_thread.lock' object
2025-09-12 22:42:10,988 - ERROR - Error processing recognition results: cannot pickle '_thread.lock' object
2025-09-12 22:42:11,178 - ERROR - Error processing recognition results: cannot pickle '_thread.lock' object
2025-09-12 22:42:11,801 - ERROR - Error processing recognition results: cannot pickle '_thread.lock' object
2025-09-12 22:42:11,987 - ERROR - Error processing recognition results: cannot pickle '_thread.lock' object
2025-09-12 22:42:12,202 - ERROR - Error processing recognition results: cannot pickle '_thread.lock' object
2025-09-12 22:42:12,396 - ERROR - Error processing recognition results: cannot pickle '_thread.lock' object
2025-09-12 22:42:12,673 - ERROR - Error processing recognition results: cannot pickle '_thread.lock' object
2025-09-12 22:42:12,875 - ERROR - Error processing recognition results: cannot pickle '_thread.lock' object
2025-09-12 22:42:13,070 - ERROR - Error processing recognition results: cannot pickle '_thread.lock' object
2025-09-12 22:42:13,260 - ERROR - Error processing recognition results: cannot pickle '_thread.lock' object
2025-09-12 22:42:13,450 - ERROR - Error processing recognition results: cannot pickle '_thread.lock' object
2025-09-12 22:42:13,664 - ERROR - Error processing recognition results: cannot pickle '_thread.lock' object
2025-09-12 22:42:13,863 - ERROR - Error processing recognition results: cannot pickle '_thread.lock' object
2025-09-12 22:42:14,064 - ERROR - Error processing recognition results: cannot pickle '_thread.lock' object
2025-09-12 22:42:14,252 - ERROR - Error processing recognition results: cannot pickle '_thread.lock' object
2025-09-12 22:42:14,471 - ERROR - Error processing recognition results: cannot pickle '_thread.lock' object
2025-09-12 22:42:14,700 - ERROR - Error processing recognition results: cannot pickle '_thread.lock' object
2025-09-12 22:42:14,895 - ERROR - Error processing recognition results: cannot pickle '_thread.lock' object
2025-09-12 22:42:15,111 - ERROR - Error processing recognition results: cannot pickle '_thread.lock' object
2025-09-12 22:42:15,321 - ERROR - Error processing recognition results: cannot pickle '_thread.lock' object
2025-09-12 22:42:15,509 - ERROR - Error processing recognition results: cannot pickle '_thread.lock' object
2025-09-12 22:42:15,723 - ERROR - Error processing recognition results: cannot pickle '_thread.lock' object
2025-09-12 22:42:15,935 - ERROR - Error processing recognition results: cannot pickle '_thread.lock' object
2025-09-12 22:42:16,125 - ERROR - Error processing recognition results: cannot pickle '_thread.lock' object
2025-09-12 22:42:16,343 - ERROR - Error processing recognition results: cannot pickle '_thread.lock' object
2025-09-12 22:42:16,541 - ERROR - Error processing recognition results: cannot pickle '_thread.lock' object
2025-09-12 22:42:16,728 - ERROR - Error processing recognition results: cannot pickle '_thread.lock' object
2025-09-12 22:42:16,917 - ERROR - Error processing recognition results: cannot pickle '_thread.lock' object
2025-09-12 22:42:17,134 - ERROR - Error processing recognition results: cannot pickle '_thread.lock' object
2025-09-12 22:42:17,341 - ERROR - Error processing recognition results: cannot pickle '_thread.lock' object
2025-09-12 22:42:17,532 - ERROR - Error processing recognition results: cannot pickle '_thread.lock' object
2025-09-12 22:42:17,742 - ERROR - Error processing recognition results: cannot pickle '_thread.lock' object
2025-09-12 22:42:17,960 - ERROR - Error processing recognition results: cannot pickle '_thread.lock' object
2025-09-12 22:42:18,152 - ERROR - Error processing recognition results: cannot pickle '_thread.lock' object
2025-09-12 22:42:18,371 - ERROR - Error processing recognition results: cannot pickle '_thread.lock' object
2025-09-12 22:42:18,581 - ERROR - Error processing recognition results: cannot pickle '_thread.lock' object
2025-09-12 22:42:18,768 - ERROR - Error processing recognition results: cannot pickle '_thread.lock' object
2025-09-12 22:42:18,956 - ERROR - Error processing recognition results: cannot pickle '_thread.lock' object
2025-09-12 22:42:19,258 - ERROR - Error processing recognition results: cannot pickle '_thread.lock' object
2025-09-12 22:42:19,458 - ERROR - Error processing recognition results: cannot pickle '_thread.lock' object
2025-09-12 22:42:19,675 - ERROR - Error processing recognition results: cannot pickle '_thread.lock' object
2025-09-12 22:42:19,930 - ERROR - Error processing recognition results: cannot pickle '_thread.lock' object
2025-09-12 22:42:20,222 - ERROR - Error processing recognition results: cannot pickle '_thread.lock' object
2025-09-12 22:42:20,411 - ERROR - Error processing recognition results: cannot pickle '_thread.lock' object
2025-09-12 22:42:20,603 - ERROR - Error processing recognition results: cannot pickle '_thread.lock' object
2025-09-12 22:42:20,813 - ERROR - Error processing recognition results: cannot pickle '_thread.lock' object
2025-09-12 22:42:21,001 - ERROR - Error processing recognition results: cannot pickle '_thread.lock' object
2025-09-12 22:42:21,190 - ERROR - Error processing recognition results: cannot pickle '_thread.lock' object
2025-09-12 22:42:21,387 - ERROR - Error processing recognition results: cannot pickle '_thread.lock' object
2025-09-12 22:42:21,578 - ERROR - Error processing recognition results: cannot pickle '_thread.lock' object
2025-09-12 22:42:21,773 - ERROR - Error processing recognition results: cannot pickle '_thread.lock' object
2025-09-12 22:42:21,971 - ERROR - Error processing recognition results: cannot pickle '_thread.lock' object
2025-09-12 22:42:22,159 - ERROR - Error processing recognition results: cannot pickle '_thread.lock' object
2025-09-12 22:42:22,348 - ERROR - Error processing recognition results: cannot pickle '_thread.lock' object
2025-09-12 22:42:22,536 - ERROR - Error processing recognition results: cannot pickle '_thread.lock' object
2025-09-12 22:42:22,723 - ERROR - Error processing recognition results: cannot pickle '_thread.lock' object
2025-09-12 22:42:22,908 - ERROR - Error processing recognition results: cannot pickle '_thread.lock' object
2025-09-12 22:42:23,095 - ERROR - Error processing recognition results: cannot pickle '_thread.lock' object
2025-09-12 22:42:23,336 - ERROR - Error processing recognition results: cannot pickle '_thread.lock' object
2025-09-12 22:42:23,541 - ERROR - Error processing recognition results: cannot pickle '_thread.lock' object
2025-09-12 22:42:23,749 - ERROR - Error processing recognition results: cannot pickle '_thread.lock' object
2025-09-12 22:42:23,950 - ERROR - Error processing recognition results: cannot pickle '_thread.lock' object
2025-09-12 22:42:24,147 - ERROR - Error processing recognition results: cannot pickle '_thread.lock' object
2025-09-12 22:42:24,347 - ERROR - Error processing recognition results: cannot pickle '_thread.lock' object
2025-09-12 22:42:24,547 - ERROR - Error processing recognition results: cannot pickle '_thread.lock' object
2025-09-12 22:42:25,263 - ERROR - Error processing recognition results: cannot pickle '_thread.lock' object
2025-09-12 22:42:25,471 - ERROR - Error processing recognition results: cannot pickle '_thread.lock' object
2025-09-12 22:42:25,661 - ERROR - Error processing recognition results: cannot pickle '_thread.lock' object
2025-09-12 22:42:25,855 - ERROR - Error processing recognition results: cannot pickle '_thread.lock' object
2025-09-12 22:42:26,485 - ERROR - Error processing recognition results: cannot pickle '_thread.lock' object
2025-09-12 22:42:26,673 - ERROR - Error processing recognition results: cannot pickle '_thread.lock' object
2025-09-12 22:42:26,862 - ERROR - Error processing recognition results: cannot pickle '_thread.lock' object
2025-09-12 22:42:27,049 - ERROR - Error processing recognition results: cannot pickle '_thread.lock' object
2025-09-12 22:42:27,239 - ERROR - Error processing recognition results: cannot pickle '_thread.lock' object
2025-09-12 22:42:27,855 - ERROR - Error processing recognition results: cannot pickle '_thread.lock' object
2025-09-12 22:42:28,052 - ERROR - Error processing recognition results: cannot pickle '_thread.lock' object
2025-09-12 22:42:28,236 - ERROR - Error processing recognition results: cannot pickle '_thread.lock' object
2025-09-12 22:42:28,424 - ERROR - Error processing recognition results: cannot pickle '_thread.lock' object
2025-09-12 22:42:28,610 - ERROR - Error processing recognition results: cannot pickle '_thread.lock' object
2025-09-12 22:42:29,086 - ERROR - Error processing recognition results: cannot pickle '_thread.lock' object
2025-09-12 22:42:29,292 - ERROR - Error processing recognition results: cannot pickle '_thread.lock' object
2025-09-12 22:42:29,479 - ERROR - Error processing recognition results: cannot pickle '_thread.lock' object
2025-09-12 22:42:29,663 - ERROR - Error processing recognition results: cannot pickle '_thread.lock' object
2025-09-12 22:42:29,862 - ERROR - Error processing recognition results: cannot pickle '_thread.lock' object
2025-09-12 22:42:30,533 - ERROR - Error processing recognition results: cannot pickle '_thread.lock' object
2025-09-12 22:42:30,749 - ERROR - Error processing recognition results: cannot pickle '_thread.lock' object
2025-09-12 22:42:30,938 - ERROR - Error processing recognition results: cannot pickle '_thread.lock' object
2025-09-12 22:42:31,123 - ERROR - Error processing recognition results: cannot pickle '_thread.lock' object
2025-09-12 22:42:31,309 - ERROR - Error processing recognition results: cannot pickle '_thread.lock' object
2025-09-12 22:42:31,519 - ERROR - Error processing recognition results: cannot pickle '_thread.lock' object
2025-09-12 22:42:31,711 - ERROR - Error processing recognition results: cannot pickle '_thread.lock' object
2025-09-12 22:42:31,921 - ERROR - Error processing recognition results: cannot pickle '_thread.lock' object
2025-09-12 22:42:32,112 - ERROR - Error processing recognition results: cannot pickle '_thread.lock' object
2025-09-12 22:42:32,332 - ERROR - Error processing recognition results: cannot pickle '_thread.lock' object
2025-09-12 22:42:32,542 - ERROR - Error processing recognition results: cannot pickle '_thread.lock' object
2025-09-12 22:42:32,766 - ERROR - Error processing recognition results: cannot pickle '_thread.lock' object
2025-09-12 22:42:32,983 - ERROR - Error processing recognition results: cannot pickle '_thread.lock' object
2025-09-12 22:42:33,170 - ERROR - Error processing recognition results: cannot pickle '_thread.lock' object
2025-09-12 22:42:33,355 - ERROR - Error processing recognition results: cannot pickle '_thread.lock' object
2025-09-12 22:42:33,581 - ERROR - Error processing recognition results: cannot pickle '_thread.lock' object
2025-09-12 22:42:33,780 - ERROR - Error processing recognition results: cannot pickle '_thread.lock' object
2025-09-12 22:42:33,982 - ERROR - Error processing recognition results: cannot pickle '_thread.lock' object
2025-09-12 22:42:34,181 - ERROR - Error processing recognition results: cannot pickle '_thread.lock' object
2025-09-12 22:42:34,377 - ERROR - Error processing recognition results: cannot pickle '_thread.lock' object
2025-09-12 22:42:34,577 - ERROR - Error processing recognition results: cannot pickle '_thread.lock' object
2025-09-12 22:42:34,766 - ERROR - Error processing recognition results: cannot pickle '_thread.lock' object
2025-09-12 22:42:34,969 - ERROR - Error processing recognition results: cannot pickle '_thread.lock' object
2025-09-12 22:42:35,165 - ERROR - Error processing recognition results: cannot pickle '_thread.lock' object
2025-09-12 22:42:35,383 - ERROR - Error processing recognition results: cannot pickle '_thread.lock' object
2025-09-12 22:42:35,572 - ERROR - Error processing recognition results: cannot pickle '_thread.lock' object
2025-09-12 22:42:35,766 - ERROR - Error processing recognition results: cannot pickle '_thread.lock' object
2025-09-12 22:42:35,953 - ERROR - Error processing recognition results: cannot pickle '_thread.lock' object
2025-09-12 22:42:36,172 - ERROR - Error processing recognition results: cannot pickle '_thread.lock' object
2025-09-12 22:42:36,373 - ERROR - Error processing recognition results: cannot pickle '_thread.lock' object
2025-09-12 22:42:36,572 - ERROR - Error processing recognition results: cannot pickle '_thread.lock' object
2025-09-12 22:42:36,762 - ERROR - Error processing recognition results: cannot pickle '_thread.lock' object
2025-09-12 22:42:36,980 - ERROR - Error processing recognition results: cannot pickle '_thread.lock' object
2025-09-12 22:42:37,195 - ERROR - Error processing recognition results: cannot pickle '_thread.lock' object
2025-09-12 22:42:37,381 - ERROR - Error processing recognition results: cannot pickle '_thread.lock' object
2025-09-12 22:42:37,581 - ERROR - Error processing recognition results: cannot pickle '_thread.lock' object
2025-09-12 22:42:37,789 - ERROR - Error processing recognition results: cannot pickle '_thread.lock' object
2025-09-12 22:42:38,001 - ERROR - Error processing recognition results: cannot pickle '_thread.lock' object
2025-09-12 22:42:38,552 - ERROR - Error processing recognition results: cannot pickle '_thread.lock' object
2025-09-12 22:42:38,765 - ERROR - Error processing recognition results: cannot pickle '_thread.lock' object
2025-09-12 22:42:38,963 - ERROR - Error processing recognition results: cannot pickle '_thread.lock' object
2025-09-12 22:42:39,153 - ERROR - Error processing recognition results: cannot pickle '_thread.lock' object
2025-09-12 22:42:39,366 - ERROR - Error processing recognition results: cannot pickle '_thread.lock' object
2025-09-12 22:42:40,199 - ERROR - Error processing recognition results: cannot pickle '_thread.lock' object
2025-09-12 22:42:40,408 - ERROR - Error processing recognition results: cannot pickle '_thread.lock' object
2025-09-12 22:42:40,619 - ERROR - Error processing recognition results: cannot pickle '_thread.lock' object
2025-09-12 22:42:40,823 - ERROR - Error processing recognition results: cannot pickle '_thread.lock' object
2025-09-12 22:42:41,222 - ERROR - Error processing recognition results: cannot pickle '_thread.lock' object
2025-09-12 22:42:41,407 - ERROR - Error processing recognition results: cannot pickle '_thread.lock' object
2025-09-12 22:42:41,592 - ERROR - Error processing recognition results: cannot pickle '_thread.lock' object
2025-09-12 22:42:41,779 - ERROR - Error processing recognition results: cannot pickle '_thread.lock' object
2025-09-12 22:42:41,963 - ERROR - Error processing recognition results: cannot pickle '_thread.lock' object
2025-09-12 22:42:42,148 - ERROR - Error processing recognition results: cannot pickle '_thread.lock' object
2025-09-12 22:42:42,851 - ERROR - Error processing recognition results: cannot pickle '_thread.lock' object
2025-09-12 22:42:43,057 - ERROR - Error processing recognition results: cannot pickle '_thread.lock' object
2025-09-12 22:42:43,251 - ERROR - Error processing recognition results: cannot pickle '_thread.lock' object
2025-09-12 22:42:43,439 - ERROR - Error processing recognition results: cannot pickle '_thread.lock' object
2025-09-12 22:42:44,156 - ERROR - Error processing recognition results: cannot pickle '_thread.lock' object
2025-09-12 22:42:44,341 - ERROR - Error processing recognition results: cannot pickle '_thread.lock' object
2025-09-12 22:42:44,526 - ERROR - Error processing recognition results: cannot pickle '_thread.lock' object
2025-09-12 22:42:44,711 - ERROR - Error processing recognition results: cannot pickle '_thread.lock' object
2025-09-12 22:42:44,908 - ERROR - Error processing recognition results: cannot pickle '_thread.lock' object
2025-09-12 22:42:45,098 - ERROR - Error processing recognition results: cannot pickle '_thread.lock' object
2025-09-12 22:42:45,292 - ERROR - Error processing recognition results: cannot pickle '_thread.lock' object
2025-09-12 22:42:45,496 - ERROR - Error processing recognition results: cannot pickle '_thread.lock' object
2025-09-12 22:42:45,791 - ERROR - Error processing recognition results: cannot pickle '_thread.lock' object
2025-09-12 22:42:45,976 - ERROR - Error processing recognition results: cannot pickle '_thread.lock' object
2025-09-12 22:42:46,159 - ERROR - Error processing recognition results: cannot pickle '_thread.lock' object
2025-09-12 22:42:46,364 - ERROR - Error processing recognition results: cannot pickle '_thread.lock' object
2025-09-12 22:42:46,910 - ERROR - Error processing recognition results: cannot pickle '_thread.lock' object
2025-09-12 22:42:47,110 - ERROR - Error processing recognition results: cannot pickle '_thread.lock' object
2025-09-12 22:42:47,297 - ERROR - Error processing recognition results: cannot pickle '_thread.lock' object
2025-09-12 22:42:47,512 - ERROR - Error processing recognition results: cannot pickle '_thread.lock' object
2025-09-12 22:42:47,729 - ERROR - Error processing recognition results: cannot pickle '_thread.lock' object
2025-09-12 22:42:48,699 - ERROR - Error processing recognition results: cannot pickle '_thread.lock' object
2025-09-12 22:42:48,882 - ERROR - Error processing recognition results: cannot pickle '_thread.lock' object
2025-09-12 22:42:49,064 - ERROR - Error processing recognition results: cannot pickle '_thread.lock' object
2025-09-12 22:42:49,635 - ERROR - Error processing recognition results: cannot pickle '_thread.lock' object
2025-09-12 22:42:49,845 - ERROR - Error processing recognition results: cannot pickle '_thread.lock' object
2025-09-12 22:42:50,042 - ERROR - Error processing recognition results: cannot pickle '_thread.lock' object
2025-09-12 22:42:50,230 - ERROR - Error processing recognition results: cannot pickle '_thread.lock' object
2025-09-12 22:42:50,414 - ERROR - Error processing recognition results: cannot pickle '_thread.lock' object
2025-09-12 22:42:50,703 - ERROR - Error processing recognition results: cannot pickle '_thread.lock' object
2025-09-12 22:42:50,887 - ERROR - Error processing recognition results: cannot pickle '_thread.lock' object
2025-09-12 22:42:51,073 - ERROR - Error processing recognition results: cannot pickle '_thread.lock' object
2025-09-12 22:42:51,258 - ERROR - Error processing recognition results: cannot pickle '_thread.lock' object
2025-09-12 22:42:51,476 - ERROR - Error processing recognition results: cannot pickle '_thread.lock' object
2025-09-12 22:42:51,679 - ERROR - Error processing recognition results: cannot pickle '_thread.lock' object
2025-09-12 22:42:52,287 - ERROR - Error processing recognition results: cannot pickle '_thread.lock' object
2025-09-12 22:42:52,474 - ERROR - Error processing recognition results: cannot pickle '_thread.lock' object
2025-09-12 22:42:52,667 - ERROR - Error processing recognition results: cannot pickle '_thread.lock' object
2025-09-12 22:42:52,852 - ERROR - Error processing recognition results: cannot pickle '_thread.lock' object
2025-09-12 22:42:53,041 - ERROR - Error processing recognition results: cannot pickle '_thread.lock' object
2025-09-12 22:42:53,442 - ERROR - Error processing recognition results: cannot pickle '_thread.lock' object
2025-09-12 22:42:53,664 - ERROR - Error processing recognition results: cannot pickle '_thread.lock' object
2025-09-12 22:42:53,851 - ERROR - Error processing recognition results: cannot pickle '_thread.lock' object
2025-09-12 22:42:54,050 - ERROR - Error processing recognition results: cannot pickle '_thread.lock' object
2025-09-12 22:42:54,260 - ERROR - Error processing recognition results: cannot pickle '_thread.lock' object
2025-09-12 22:42:54,474 - ERROR - Error processing recognition results: cannot pickle '_thread.lock' object
2025-09-12 22:42:54,977 - ERROR - Error processing recognition results: cannot pickle '_thread.lock' object
2025-09-12 22:42:55,183 - ERROR - Error processing recognition results: cannot pickle '_thread.lock' object
2025-09-12 22:42:55,393 - ERROR - Error processing recognition results: cannot pickle '_thread.lock' object
2025-09-12 22:42:55,646 - ERROR - Error processing recognition results: cannot pickle '_thread.lock' object
2025-09-12 22:42:55,850 - ERROR - Error processing recognition results: cannot pickle '_thread.lock' object
2025-09-12 22:42:56,165 - ERROR - Error processing recognition results: cannot pickle '_thread.lock' object
2025-09-12 22:42:56,353 - ERROR - Error processing recognition results: cannot pickle '_thread.lock' object
2025-09-12 22:42:56,559 - ERROR - Error processing recognition results: cannot pickle '_thread.lock' object
2025-09-12 22:42:56,751 - ERROR - Error processing recognition results: cannot pickle '_thread.lock' object
2025-09-12 22:42:56,965 - ERROR - Error processing recognition results: cannot pickle '_thread.lock' object
2025-09-12 22:42:57,157 - ERROR - Error processing recognition results: cannot pickle '_thread.lock' object
2025-09-12 22:42:57,451 - ERROR - Error processing recognition results: cannot pickle '_thread.lock' object
2025-09-12 22:42:57,640 - ERROR - Error processing recognition results: cannot pickle '_thread.lock' object
2025-09-12 22:42:57,828 - ERROR - Error processing recognition results: cannot pickle '_thread.lock' object
2025-09-12 22:42:58,014 - ERROR - Error processing recognition results: cannot pickle '_thread.lock' object
2025-09-12 22:42:58,200 - ERROR - Error processing recognition results: cannot pickle '_thread.lock' object
2025-09-12 22:42:58,384 - ERROR - Error processing recognition results: cannot pickle '_thread.lock' object
2025-09-12 22:42:58,568 - ERROR - Error processing recognition results: cannot pickle '_thread.lock' object
2025-09-12 22:42:58,752 - ERROR - Error processing recognition results: cannot pickle '_thread.lock' object
2025-09-12 22:42:59,387 - ERROR - Error processing recognition results: cannot pickle '_thread.lock' object
2025-09-12 22:42:59,602 - ERROR - Error processing recognition results: cannot pickle '_thread.lock' object
2025-09-12 22:42:59,790 - ERROR - Error processing recognition results: cannot pickle '_thread.lock' object
2025-09-12 22:42:59,997 - ERROR - Error processing recognition results: cannot pickle '_thread.lock' object
2025-09-12 22:43:00,197 - ERROR - Error processing recognition results: cannot pickle '_thread.lock' object
2025-09-12 22:43:00,392 - ERROR - Error processing recognition results: cannot pickle '_thread.lock' object
2025-09-12 22:43:00,578 - ERROR - Error processing recognition results: cannot pickle '_thread.lock' object
2025-09-12 22:43:00,765 - ERROR - Error processing recognition results: cannot pickle '_thread.lock' object
2025-09-12 22:43:00,976 - ERROR - Error processing recognition results: cannot pickle '_thread.lock' object
2025-09-12 22:43:01,201 - ERROR - Error processing recognition results: cannot pickle '_thread.lock' object
2025-09-12 22:43:01,409 - ERROR - Error processing recognition results: cannot pickle '_thread.lock' object
2025-09-12 22:43:01,601 - ERROR - Error processing recognition results: cannot pickle '_thread.lock' object
2025-09-12 22:43:01,809 - ERROR - Error processing recognition results: cannot pickle '_thread.lock' object
2025-09-12 22:43:02,001 - ERROR - Error processing recognition results: cannot pickle '_thread.lock' object
2025-09-12 22:43:02,190 - ERROR - Error processing recognition results: cannot pickle '_thread.lock' object
2025-09-12 22:43:02,379 - ERROR - Error processing recognition results: cannot pickle '_thread.lock' object
2025-09-12 22:43:02,578 - ERROR - Error processing recognition results: cannot pickle '_thread.lock' object
2025-09-12 22:43:02,767 - ERROR - Error processing recognition results: cannot pickle '_thread.lock' object
2025-09-12 22:43:02,958 - ERROR - Error processing recognition results: cannot pickle '_thread.lock' object
2025-09-12 22:43:03,163 - ERROR - Error processing recognition results: cannot pickle '_thread.lock' object
2025-09-12 22:43:03,392 - ERROR - Error processing recognition results: cannot pickle '_thread.lock' object
2025-09-12 22:43:03,586 - ERROR - Error processing recognition results: cannot pickle '_thread.lock' object
2025-09-12 22:43:03,775 - ERROR - Error processing recognition results: cannot pickle '_thread.lock' object
2025-09-12 22:43:03,991 - ERROR - Error processing recognition results: cannot pickle '_thread.lock' object
2025-09-12 22:43:04,192 - ERROR - Error processing recognition results: cannot pickle '_thread.lock' object
2025-09-12 22:43:04,378 - ERROR - Error processing recognition results: cannot pickle '_thread.lock' object
2025-09-12 22:43:04,575 - ERROR - Error processing recognition results: cannot pickle '_thread.lock' object
2025-09-12 22:43:04,759 - ERROR - Error processing recognition results: cannot pickle '_thread.lock' object
2025-09-12 22:43:04,944 - ERROR - Error processing recognition results: cannot pickle '_thread.lock' object
2025-09-12 22:43:05,133 - ERROR - Error processing recognition results: cannot pickle '_thread.lock' object
2025-09-12 22:43:05,352 - ERROR - Error processing recognition results: cannot pickle '_thread.lock' object
2025-09-12 22:43:05,543 - ERROR - Error processing recognition results: cannot pickle '_thread.lock' object
2025-09-12 22:43:05,728 - ERROR - Error processing recognition results: cannot pickle '_thread.lock' object
2025-09-12 22:43:05,923 - ERROR - Error processing recognition results: cannot pickle '_thread.lock' object
2025-09-12 22:43:06,108 - ERROR - Error processing recognition results: cannot pickle '_thread.lock' object
2025-09-12 22:43:06,297 - ERROR - Error processing recognition results: cannot pickle '_thread.lock' object
2025-09-12 22:43:06,485 - ERROR - Error processing recognition results: cannot pickle '_thread.lock' object
2025-09-12 22:43:06,670 - ERROR - Error processing recognition results: cannot pickle '_thread.lock' object
2025-09-12 22:43:06,859 - ERROR - Error processing recognition results: cannot pickle '_thread.lock' object
2025-09-12 22:43:07,046 - ERROR - Error processing recognition results: cannot pickle '_thread.lock' object
2025-09-12 22:43:07,230 - ERROR - Error processing recognition results: cannot pickle '_thread.lock' object
2025-09-12 22:43:07,417 - ERROR - Error processing recognition results: cannot pickle '_thread.lock' object
2025-09-12 22:43:07,602 - ERROR - Error processing recognition results: cannot pickle '_thread.lock' object
2025-09-12 22:43:07,909 - ERROR - Error processing recognition results: cannot pickle '_thread.lock' object
2025-09-12 22:43:08,098 - ERROR - Error processing recognition results: cannot pickle '_thread.lock' object
2025-09-12 22:43:08,285 - ERROR - Error processing recognition results: cannot pickle '_thread.lock' object
2025-09-12 22:43:08,471 - ERROR - Error processing recognition results: cannot pickle '_thread.lock' object
2025-09-12 22:43:08,657 - ERROR - Error processing recognition results: cannot pickle '_thread.lock' object
2025-09-12 22:43:08,854 - ERROR - Error processing recognition results: cannot pickle '_thread.lock' object
2025-09-12 22:43:09,040 - ERROR - Error processing recognition results: cannot pickle '_thread.lock' object
2025-09-12 22:43:09,234 - ERROR - Error processing recognition results: cannot pickle '_thread.lock' object
2025-09-12 22:43:09,421 - ERROR - Error processing recognition results: cannot pickle '_thread.lock' object
2025-09-12 22:43:09,606 - ERROR - Error processing recognition results: cannot pickle '_thread.lock' object
2025-09-12 22:43:09,791 - ERROR - Error processing recognition results: cannot pickle '_thread.lock' object
2025-09-12 22:43:09,980 - ERROR - Error processing recognition results: cannot pickle '_thread.lock' object
2025-09-12 22:43:10,187 - ERROR - Error processing recognition results: cannot pickle '_thread.lock' object
2025-09-12 22:43:10,397 - ERROR - Error processing recognition results: cannot pickle '_thread.lock' object
2025-09-12 22:43:10,584 - ERROR - Error processing recognition results: cannot pickle '_thread.lock' object
2025-09-12 22:43:10,767 - ERROR - Error processing recognition results: cannot pickle '_thread.lock' object
2025-09-12 22:43:10,981 - ERROR - Error processing recognition results: cannot pickle '_thread.lock' object
2025-09-12 22:43:11,171 - ERROR - Error processing recognition results: cannot pickle '_thread.lock' object
2025-09-12 22:43:11,360 - ERROR - Error processing recognition results: cannot pickle '_thread.lock' object
2025-09-12 22:43:11,547 - ERROR - Error processing recognition results: cannot pickle '_thread.lock' object
2025-09-12 22:43:11,734 - ERROR - Error processing recognition results: cannot pickle '_thread.lock' object
2025-09-12 22:43:11,924 - ERROR - Error processing recognition results: cannot pickle '_thread.lock' object
2025-09-12 22:43:12,107 - ERROR - Error processing recognition results: cannot pickle '_thread.lock' object
2025-09-12 22:43:12,307 - ERROR - Error processing recognition results: cannot pickle '_thread.lock' object
2025-09-12 22:43:12,493 - ERROR - Error processing recognition results: cannot pickle '_thread.lock' object
2025-09-12 22:43:12,679 - ERROR - Error processing recognition results: cannot pickle '_thread.lock' object
2025-09-12 22:43:12,891 - ERROR - Error processing recognition results: cannot pickle '_thread.lock' object
2025-09-12 22:43:13,089 - ERROR - Error processing recognition results: cannot pickle '_thread.lock' object
2025-09-12 22:43:13,298 - ERROR - Error processing recognition results: cannot pickle '_thread.lock' object
2025-09-12 22:43:13,504 - ERROR - Error processing recognition results: cannot pickle '_thread.lock' object
2025-09-12 22:43:13,720 - ERROR - Error processing recognition results: cannot pickle '_thread.lock' object
2025-09-12 22:43:13,908 - ERROR - Error processing recognition results: cannot pickle '_thread.lock' object
2025-09-12 22:43:14,098 - ERROR - Error processing recognition results: cannot pickle '_thread.lock' object
2025-09-12 22:43:14,310 - ERROR - Error processing recognition results: cannot pickle '_thread.lock' object
2025-09-12 22:43:14,523 - ERROR - Error processing recognition results: cannot pickle '_thread.lock' object
2025-09-12 22:43:14,710 - ERROR - Error processing recognition results: cannot pickle '_thread.lock' object
2025-09-12 22:43:14,896 - ERROR - Error processing recognition results: cannot pickle '_thread.lock' object
2025-09-12 22:43:15,086 - ERROR - Error processing recognition results: cannot pickle '_thread.lock' object
2025-09-12 22:43:15,275 - ERROR - Error processing recognition results: cannot pickle '_thread.lock' object
2025-09-12 22:43:15,488 - ERROR - Error processing recognition results: cannot pickle '_thread.lock' object
2025-09-12 22:43:15,678 - ERROR - Error processing recognition results: cannot pickle '_thread.lock' object
2025-09-12 22:43:15,867 - ERROR - Error processing recognition results: cannot pickle '_thread.lock' object
2025-09-12 22:43:16,056 - ERROR - Error processing recognition results: cannot pickle '_thread.lock' object
2025-09-12 22:43:16,333 - ERROR - Error processing recognition results: cannot pickle '_thread.lock' object
2025-09-12 22:43:16,540 - ERROR - Error processing recognition results: cannot pickle '_thread.lock' object
2025-09-12 22:43:16,728 - ERROR - Error processing recognition results: cannot pickle '_thread.lock' object
2025-09-12 22:43:16,910 - ERROR - Error processing recognition results: cannot pickle '_thread.lock' object
2025-09-12 22:43:17,097 - ERROR - Error processing recognition results: cannot pickle '_thread.lock' object
2025-09-12 22:43:17,280 - ERROR - Error processing recognition results: cannot pickle '_thread.lock' object
2025-09-12 22:43:17,463 - ERROR - Error processing recognition results: cannot pickle '_thread.lock' object
2025-09-12 22:43:17,657 - ERROR - Error processing recognition results: cannot pickle '_thread.lock' object
2025-09-12 22:43:17,864 - ERROR - Error processing recognition results: cannot pickle '_thread.lock' object
2025-09-12 22:43:18,083 - ERROR - Error processing recognition results: cannot pickle '_thread.lock' object
2025-09-12 22:43:18,270 - ERROR - Error processing recognition results: cannot pickle '_thread.lock' object
2025-09-12 22:43:18,462 - ERROR - Error processing recognition results: cannot pickle '_thread.lock' object
2025-09-12 22:43:18,649 - ERROR - Error processing recognition results: cannot pickle '_thread.lock' object
2025-09-12 22:43:18,832 - ERROR - Error processing recognition results: cannot pickle '_thread.lock' object
2025-09-12 22:43:19,021 - ERROR - Error processing recognition results: cannot pickle '_thread.lock' object
2025-09-12 22:43:19,232 - ERROR - Error processing recognition results: cannot pickle '_thread.lock' object
2025-09-12 22:43:19,416 - ERROR - Error processing recognition results: cannot pickle '_thread.lock' object
2025-09-12 22:43:19,600 - ERROR - Error processing recognition results: cannot pickle '_thread.lock' object
2025-09-12 22:43:19,785 - ERROR - Error processing recognition results: cannot pickle '_thread.lock' object
2025-09-12 22:43:19,972 - ERROR - Error processing recognition results: cannot pickle '_thread.lock' object
2025-09-12 22:43:20,175 - ERROR - Error processing recognition results: cannot pickle '_thread.lock' object
2025-09-12 22:43:20,394 - ERROR - Error processing recognition results: cannot pickle '_thread.lock' object
2025-09-12 22:43:20,582 - ERROR - Error processing recognition results: cannot pickle '_thread.lock' object
2025-09-12 22:43:20,766 - ERROR - Error processing recognition results: cannot pickle '_thread.lock' object
2025-09-12 22:43:20,977 - ERROR - Error processing recognition results: cannot pickle '_thread.lock' object
2025-09-12 22:43:21,169 - ERROR - Error processing recognition results: cannot pickle '_thread.lock' object
2025-09-12 22:43:21,367 - ERROR - Error processing recognition results: cannot pickle '_thread.lock' object
2025-09-12 22:43:21,581 - ERROR - Error processing recognition results: cannot pickle '_thread.lock' object
2025-09-12 22:43:21,781 - ERROR - Error processing recognition results: cannot pickle '_thread.lock' object
2025-09-12 22:43:21,964 - ERROR - Error processing recognition results: cannot pickle '_thread.lock' object
2025-09-12 22:43:22,178 - ERROR - Error processing recognition results: cannot pickle '_thread.lock' object
2025-09-12 22:43:22,361 - ERROR - Error processing recognition results: cannot pickle '_thread.lock' object
2025-09-12 22:43:22,547 - ERROR - Error processing recognition results: cannot pickle '_thread.lock' object
2025-09-12 22:43:22,739 - ERROR - Error processing recognition results: cannot pickle '_thread.lock' object
2025-09-12 22:43:22,928 - ERROR - Error processing recognition results: cannot pickle '_thread.lock' object
2025-09-12 22:43:23,112 - ERROR - Error processing recognition results: cannot pickle '_thread.lock' object
2025-09-12 22:43:23,316 - ERROR - Error processing recognition results: cannot pickle '_thread.lock' object
2025-09-12 22:43:23,507 - ERROR - Error processing recognition results: cannot pickle '_thread.lock' object
2025-09-12 22:43:23,711 - ERROR - Error processing recognition results: cannot pickle '_thread.lock' object
2025-09-12 22:43:23,894 - ERROR - Error processing recognition results: cannot pickle '_thread.lock' object
2025-09-12 22:43:24,201 - ERROR - Error processing recognition results: cannot pickle '_thread.lock' object
2025-09-12 22:43:24,415 - ERROR - Error processing recognition results: cannot pickle '_thread.lock' object
2025-09-12 22:43:24,603 - ERROR - Error processing recognition results: cannot pickle '_thread.lock' object
2025-09-12 22:43:24,789 - ERROR - Error processing recognition results: cannot pickle '_thread.lock' object
2025-09-12 22:43:24,976 - ERROR - Error processing recognition results: cannot pickle '_thread.lock' object
2025-09-12 22:43:25,163 - ERROR - Error processing recognition results: cannot pickle '_thread.lock' object
2025-09-12 22:43:25,348 - ERROR - Error processing recognition results: cannot pickle '_thread.lock' object
2025-09-12 22:43:25,533 - ERROR - Error processing recognition results: cannot pickle '_thread.lock' object
2025-09-12 22:43:25,729 - ERROR - Error processing recognition results: cannot pickle '_thread.lock' object
2025-09-12 22:43:25,922 - ERROR - Error processing recognition results: cannot pickle '_thread.lock' object
2025-09-12 22:43:26,118 - ERROR - Error processing recognition results: cannot pickle '_thread.lock' object
2025-09-12 22:43:26,305 - ERROR - Error processing recognition results: cannot pickle '_thread.lock' object
2025-09-12 22:43:26,532 - ERROR - Error processing recognition results: cannot pickle '_thread.lock' object
2025-09-12 22:43:26,722 - ERROR - Error processing recognition results: cannot pickle '_thread.lock' object
2025-09-12 22:43:26,911 - ERROR - Error processing recognition results: cannot pickle '_thread.lock' object
2025-09-12 22:43:27,108 - ERROR - Error processing recognition results: cannot pickle '_thread.lock' object
2025-09-12 22:43:27,319 - ERROR - Error processing recognition results: cannot pickle '_thread.lock' object
2025-09-12 22:43:27,510 - ERROR - Error processing recognition results: cannot pickle '_thread.lock' object
2025-09-12 22:43:27,711 - ERROR - Error processing recognition results: cannot pickle '_thread.lock' object
2025-09-12 22:43:27,933 - ERROR - Error processing recognition results: cannot pickle '_thread.lock' object
2025-09-12 22:43:28,121 - ERROR - Error processing recognition results: cannot pickle '_thread.lock' object
2025-09-12 22:43:28,307 - ERROR - Error processing recognition results: cannot pickle '_thread.lock' object
2025-09-12 22:43:28,493 - ERROR - Error processing recognition results: cannot pickle '_thread.lock' object
2025-09-12 22:43:28,706 - ERROR - Error processing recognition results: cannot pickle '_thread.lock' object
2025-09-12 22:43:28,896 - ERROR - Error processing recognition results: cannot pickle '_thread.lock' object
2025-09-12 22:43:29,082 - ERROR - Error processing recognition results: cannot pickle '_thread.lock' object
2025-09-12 22:43:29,287 - ERROR - Error processing recognition results: cannot pickle '_thread.lock' object
2025-09-12 22:43:29,478 - ERROR - Error processing recognition results: cannot pickle '_thread.lock' object
2025-09-12 22:43:29,662 - ERROR - Error processing recognition results: cannot pickle '_thread.lock' object
2025-09-12 22:43:29,857 - ERROR - Error processing recognition results: cannot pickle '_thread.lock' object
2025-09-12 22:43:30,051 - ERROR - Error processing recognition results: cannot pickle '_thread.lock' object
2025-09-12 22:43:30,237 - ERROR - Error processing recognition results: cannot pickle '_thread.lock' object
2025-09-12 22:43:30,455 - ERROR - Error processing recognition results: cannot pickle '_thread.lock' object
2025-09-12 22:43:30,645 - ERROR - Error processing recognition results: cannot pickle '_thread.lock' object
2025-09-12 22:43:30,838 - ERROR - Error processing recognition results: cannot pickle '_thread.lock' object
2025-09-12 22:43:31,056 - ERROR - Error processing recognition results: cannot pickle '_thread.lock' object
2025-09-12 22:43:31,241 - ERROR - Error processing recognition results: cannot pickle '_thread.lock' object
2025-09-12 22:43:31,440 - ERROR - Error processing recognition results: cannot pickle '_thread.lock' object
2025-09-12 22:43:31,641 - ERROR - Error processing recognition results: cannot pickle '_thread.lock' object
2025-09-12 22:43:31,846 - ERROR - Error processing recognition results: cannot pickle '_thread.lock' object
2025-09-12 22:43:32,030 - ERROR - Error processing recognition results: cannot pickle '_thread.lock' object
2025-09-12 22:43:32,240 - ERROR - Error processing recognition results: cannot pickle '_thread.lock' object
2025-09-12 22:43:32,564 - ERROR - Error processing recognition results: cannot pickle '_thread.lock' object
2025-09-12 22:43:32,750 - ERROR - Error processing recognition results: cannot pickle '_thread.lock' object
2025-09-12 22:43:32,942 - ERROR - Error processing recognition results: cannot pickle '_thread.lock' object
2025-09-12 22:43:33,129 - ERROR - Error processing recognition results: cannot pickle '_thread.lock' object
2025-09-12 22:43:33,330 - ERROR - Error processing recognition results: cannot pickle '_thread.lock' object
2025-09-12 22:43:33,515 - ERROR - Error processing recognition results: cannot pickle '_thread.lock' object
2025-09-12 22:43:33,704 - ERROR - Error processing recognition results: cannot pickle '_thread.lock' object
2025-09-12 22:43:33,905 - ERROR - Error processing recognition results: cannot pickle '_thread.lock' object
2025-09-12 22:43:34,094 - ERROR - Error processing recognition results: cannot pickle '_thread.lock' object
2025-09-12 22:43:34,281 - ERROR - Error processing recognition results: cannot pickle '_thread.lock' object
2025-09-12 22:43:34,472 - ERROR - Error processing recognition results: cannot pickle '_thread.lock' object
2025-09-12 22:43:34,668 - ERROR - Error processing recognition results: cannot pickle '_thread.lock' object
2025-09-12 22:43:34,854 - ERROR - Error processing recognition results: cannot pickle '_thread.lock' object
2025-09-12 22:43:35,047 - ERROR - Error processing recognition results: cannot pickle '_thread.lock' object
2025-09-12 22:43:35,260 - ERROR - Error processing recognition results: cannot pickle '_thread.lock' object
2025-09-12 22:43:35,444 - ERROR - Error processing recognition results: cannot pickle '_thread.lock' object
2025-09-12 22:43:35,675 - ERROR - Error processing recognition results: cannot pickle '_thread.lock' object
2025-09-12 22:43:35,867 - ERROR - Error processing recognition results: cannot pickle '_thread.lock' object
2025-09-12 22:43:36,086 - ERROR - Error processing recognition results: cannot pickle '_thread.lock' object
2025-09-12 22:43:36,274 - ERROR - Error processing recognition results: cannot pickle '_thread.lock' object
2025-09-12 22:43:36,458 - ERROR - Error processing recognition results: cannot pickle '_thread.lock' object
2025-09-12 22:43:36,669 - ERROR - Error processing recognition results: cannot pickle '_thread.lock' object
2025-09-12 22:43:36,866 - ERROR - Error processing recognition results: cannot pickle '_thread.lock' object
2025-09-12 22:43:37,054 - ERROR - Error processing recognition results: cannot pickle '_thread.lock' object
2025-09-12 22:43:37,238 - ERROR - Error processing recognition results: cannot pickle '_thread.lock' object
2025-09-12 22:43:37,424 - ERROR - Error processing recognition results: cannot pickle '_thread.lock' object
2025-09-12 22:43:37,620 - ERROR - Error processing recognition results: cannot pickle '_thread.lock' object
2025-09-12 22:43:37,811 - ERROR - Error processing recognition results: cannot pickle '_thread.lock' object
2025-09-12 22:43:38,003 - ERROR - Error processing recognition results: cannot pickle '_thread.lock' object
2025-09-12 22:43:38,188 - ERROR - Error processing recognition results: cannot pickle '_thread.lock' object
2025-09-12 22:43:38,375 - ERROR - Error processing recognition results: cannot pickle '_thread.lock' object
2025-09-12 22:43:38,585 - ERROR - Error processing recognition results: cannot pickle '_thread.lock' object
2025-09-12 22:43:38,797 - ERROR - Error processing recognition results: cannot pickle '_thread.lock' object
2025-09-12 22:43:39,006 - ERROR - Error processing recognition results: cannot pickle '_thread.lock' object
2025-09-12 22:43:39,199 - ERROR - Error processing recognition results: cannot pickle '_thread.lock' object
2025-09-12 22:43:39,386 - ERROR - Error processing recognition results: cannot pickle '_thread.lock' object
2025-09-12 22:43:39,598 - ERROR - Error processing recognition results: cannot pickle '_thread.lock' object
2025-09-12 22:43:39,788 - ERROR - Error processing recognition results: cannot pickle '_thread.lock' object
2025-09-12 22:43:39,971 - ERROR - Error processing recognition results: cannot pickle '_thread.lock' object
2025-09-12 22:43:40,158 - ERROR - Error processing recognition results: cannot pickle '_thread.lock' object
2025-09-12 22:43:40,347 - ERROR - Error processing recognition results: cannot pickle '_thread.lock' object
2025-09-12 22:43:40,575 - ERROR - Error processing recognition results: cannot pickle '_thread.lock' object
2025-09-12 22:43:40,778 - ERROR - Error processing recognition results: cannot pickle '_thread.lock' object
2025-09-12 22:43:40,964 - ERROR - Error processing recognition results: cannot pickle '_thread.lock' object
2025-09-12 22:43:41,163 - ERROR - Error processing recognition results: cannot pickle '_thread.lock' object
2025-09-12 22:43:41,355 - ERROR - Error processing recognition results: cannot pickle '_thread.lock' object
2025-09-12 22:43:41,542 - ERROR - Error processing recognition results: cannot pickle '_thread.lock' object
2025-09-12 22:43:41,726 - ERROR - Error processing recognition results: cannot pickle '_thread.lock' object
2025-09-12 22:43:41,914 - ERROR - Error processing recognition results: cannot pickle '_thread.lock' object
2025-09-12 22:43:42,101 - ERROR - Error processing recognition results: cannot pickle '_thread.lock' object
2025-09-12 22:43:42,285 - ERROR - Error processing recognition results: cannot pickle '_thread.lock' object
2025-09-12 22:43:42,469 - ERROR - Error processing recognition results: cannot pickle '_thread.lock' object
2025-09-12 22:43:42,655 - ERROR - Error processing recognition results: cannot pickle '_thread.lock' object
2025-09-12 22:43:42,839 - ERROR - Error processing recognition results: cannot pickle '_thread.lock' object
2025-09-12 22:43:43,028 - ERROR - Error processing recognition results: cannot pickle '_thread.lock' object
2025-09-12 22:43:43,220 - ERROR - Error processing recognition results: cannot pickle '_thread.lock' object
2025-09-12 22:43:43,407 - ERROR - Error processing recognition results: cannot pickle '_thread.lock' object
2025-09-12 22:43:43,599 - ERROR - Error processing recognition results: cannot pickle '_thread.lock' object
2025-09-12 22:43:43,793 - ERROR - Error processing recognition results: cannot pickle '_thread.lock' object
2025-09-12 22:43:43,976 - ERROR - Error processing recognition results: cannot pickle '_thread.lock' object
2025-09-12 22:43:44,160 - ERROR - Error processing recognition results: cannot pickle '_thread.lock' object
2025-09-12 22:43:44,344 - ERROR - Error processing recognition results: cannot pickle '_thread.lock' object
2025-09-12 22:43:44,528 - ERROR - Error processing recognition results: cannot pickle '_thread.lock' object
2025-09-12 22:43:44,710 - ERROR - Error processing recognition results: cannot pickle '_thread.lock' object
2025-09-12 22:43:44,897 - ERROR - Error processing recognition results: cannot pickle '_thread.lock' object
2025-09-12 22:43:45,103 - ERROR - Error processing recognition results: cannot pickle '_thread.lock' object
2025-09-12 22:43:45,292 - ERROR - Error processing recognition results: cannot pickle '_thread.lock' object
2025-09-12 22:43:45,485 - ERROR - Error processing recognition results: cannot pickle '_thread.lock' object
2025-09-12 22:43:45,672 - ERROR - Error processing recognition results: cannot pickle '_thread.lock' object
2025-09-12 22:43:45,865 - ERROR - Error processing recognition results: cannot pickle '_thread.lock' object
2025-09-12 22:43:46,068 - ERROR - Error processing recognition results: cannot pickle '_thread.lock' object
2025-09-12 22:43:46,259 - ERROR - Error processing recognition results: cannot pickle '_thread.lock' object
2025-09-12 22:43:46,449 - ERROR - Error processing recognition results: cannot pickle '_thread.lock' object
2025-09-12 22:43:46,642 - ERROR - Error processing recognition results: cannot pickle '_thread.lock' object
2025-09-12 22:43:46,855 - ERROR - Error processing recognition results: cannot pickle '_thread.lock' object
2025-09-12 22:43:47,040 - ERROR - Error processing recognition results: cannot pickle '_thread.lock' object
2025-09-12 22:43:47,223 - ERROR - Error processing recognition results: cannot pickle '_thread.lock' object
2025-09-12 22:43:47,433 - ERROR - Error processing recognition results: cannot pickle '_thread.lock' object
2025-09-12 22:43:47,620 - ERROR - Error processing recognition results: cannot pickle '_thread.lock' object
2025-09-12 22:43:47,828 - ERROR - Error processing recognition results: cannot pickle '_thread.lock' object
2025-09-12 22:43:48,023 - ERROR - Error processing recognition results: cannot pickle '_thread.lock' object
2025-09-12 22:43:48,206 - ERROR - Error processing recognition results: cannot pickle '_thread.lock' object
2025-09-12 22:43:48,396 - ERROR - Error processing recognition results: cannot pickle '_thread.lock' object
2025-09-12 22:43:48,579 - ERROR - Error processing recognition results: cannot pickle '_thread.lock' object
2025-09-12 22:43:48,763 - ERROR - Error processing recognition results: cannot pickle '_thread.lock' object
2025-09-12 22:43:48,960 - ERROR - Error processing recognition results: cannot pickle '_thread.lock' object
2025-09-12 22:43:49,434 - ERROR - Error processing recognition results: cannot pickle '_thread.lock' object
2025-09-12 22:43:49,621 - ERROR - Error processing recognition results: cannot pickle '_thread.lock' object
2025-09-12 22:43:49,810 - ERROR - Error processing recognition results: cannot pickle '_thread.lock' object
2025-09-12 22:43:50,000 - ERROR - Error processing recognition results: cannot pickle '_thread.lock' object
2025-09-12 22:43:50,211 - ERROR - Error processing recognition results: cannot pickle '_thread.lock' object
2025-09-12 22:43:50,411 - ERROR - Error processing recognition results: cannot pickle '_thread.lock' object
2025-09-12 22:43:50,860 - ERROR - Error processing recognition results: cannot pickle '_thread.lock' object
2025-09-12 22:43:51,063 - ERROR - Error processing recognition results: cannot pickle '_thread.lock' object
2025-09-12 22:43:51,257 - ERROR - Error processing recognition results: cannot pickle '_thread.lock' object
2025-09-12 22:43:51,465 - ERROR - Error processing recognition results: cannot pickle '_thread.lock' object
2025-09-12 22:43:52,084 - ERROR - Error processing recognition results: cannot pickle '_thread.lock' object
2025-09-12 22:43:52,301 - ERROR - Error processing recognition results: cannot pickle '_thread.lock' object
2025-09-12 22:43:52,509 - ERROR - Error processing recognition results: cannot pickle '_thread.lock' object
2025-09-12 22:43:52,698 - ERROR - Error processing recognition results: cannot pickle '_thread.lock' object
2025-09-12 22:43:53,038 - ERROR - Error processing recognition results: cannot pickle '_thread.lock' object
2025-09-12 22:43:53,827 - ERROR - Error processing recognition results: cannot pickle '_thread.lock' object
2025-09-12 22:43:54,605 - ERROR - Error processing recognition results: cannot pickle '_thread.lock' object
2025-09-12 22:43:55,343 - ERROR - Error processing recognition results: cannot pickle '_thread.lock' object
2025-09-12 22:43:55,850 - ERROR - Error processing recognition results: cannot pickle '_thread.lock' object
2025-09-12 22:43:57,181 - ERROR - Error processing recognition results: cannot pickle '_thread.lock' object
2025-09-12 22:43:57,539 - ERROR - Error processing recognition results: cannot pickle '_thread.lock' object
2025-09-12 22:43:57,741 - ERROR - Error processing recognition results: cannot pickle '_thread.lock' object
2025-09-12 22:44:02,241 - ERROR - Error processing recognition results: cannot pickle '_thread.lock' object
2025-09-12 22:44:03,879 - ERROR - Error processing recognition results: cannot pickle '_thread.lock' object
2025-09-12 22:44:04,089 - ERROR - Error processing recognition results: cannot pickle '_thread.lock' object
2025-09-12 22:44:05,356 - ERROR - Error processing recognition results: cannot pickle '_thread.lock' object
2025-09-12 22:44:06,222 - ERROR - Error processing recognition results: cannot pickle '_thread.lock' object
2025-09-12 22:44:06,416 - ERROR - Error processing recognition results: cannot pickle '_thread.lock' object
2025-09-12 22:44:06,627 - ERROR - Error processing recognition results: cannot pickle '_thread.lock' object
2025-09-12 22:44:06,819 - ERROR - Error processing recognition results: cannot pickle '_thread.lock' object
2025-09-12 22:44:07,007 - ERROR - Error processing recognition results: cannot pickle '_thread.lock' object
2025-09-12 22:44:07,192 - ERROR - Error processing recognition results: cannot pickle '_thread.lock' object
2025-09-12 22:44:07,402 - ERROR - Error processing recognition results: cannot pickle '_thread.lock' object
2025-09-12 22:44:08,146 - ERROR - Error processing recognition results: cannot pickle '_thread.lock' object
2025-09-12 22:44:08,875 - ERROR - Error processing recognition results: cannot pickle '_thread.lock' object
2025-09-12 22:44:09,070 - ERROR - Error processing recognition results: cannot pickle '_thread.lock' object
2025-09-12 22:44:09,266 - ERROR - Error processing recognition results: cannot pickle '_thread.lock' object
2025-09-12 22:44:09,498 - ERROR - Error processing recognition results: cannot pickle '_thread.lock' object
2025-09-12 22:44:10,127 - ERROR - Error processing recognition results: cannot pickle '_thread.lock' object
2025-09-12 22:44:10,338 - ERROR - Error processing recognition results: cannot pickle '_thread.lock' object
2025-09-12 22:44:10,549 - ERROR - Error processing recognition results: cannot pickle '_thread.lock' object
2025-09-12 22:44:10,762 - ERROR - Error processing recognition results: cannot pickle '_thread.lock' object
2025-09-12 22:44:10,970 - ERROR - Error processing recognition results: cannot pickle '_thread.lock' object
2025-09-12 22:44:11,186 - ERROR - Error processing recognition results: cannot pickle '_thread.lock' object
2025-09-12 22:44:11,972 - ERROR - Error processing recognition results: cannot pickle '_thread.lock' object
2025-09-12 22:44:12,385 - ERROR - Error processing recognition results: cannot pickle '_thread.lock' object
2025-09-12 22:44:12,597 - ERROR - Error processing recognition results: cannot pickle '_thread.lock' object
2025-09-12 22:44:12,785 - ERROR - Error processing recognition results: cannot pickle '_thread.lock' object
2025-09-12 22:44:12,989 - ERROR - Error processing recognition results: cannot pickle '_thread.lock' object
2025-09-12 22:44:13,651 - ERROR - Error processing recognition results: cannot pickle '_thread.lock' object
2025-09-12 22:44:13,838 - ERROR - Error processing recognition results: cannot pickle '_thread.lock' object
2025-09-12 22:44:14,022 - ERROR - Error processing recognition results: cannot pickle '_thread.lock' object
2025-09-12 22:44:14,504 - ERROR - Error processing recognition results: cannot pickle '_thread.lock' object
2025-09-12 22:44:14,688 - ERROR - Error processing recognition results: cannot pickle '_thread.lock' object
2025-09-12 22:44:14,875 - ERROR - Error processing recognition results: cannot pickle '_thread.lock' object
2025-09-12 22:44:15,069 - ERROR - Error processing recognition results: cannot pickle '_thread.lock' object
2025-09-12 22:44:15,257 - ERROR - Error processing recognition results: cannot pickle '_thread.lock' object
2025-09-12 22:44:15,867 - ERROR - Error processing recognition results: cannot pickle '_thread.lock' object
2025-09-12 22:44:16,080 - ERROR - Error processing recognition results: cannot pickle '_thread.lock' object
2025-09-12 22:44:16,268 - ERROR - Error processing recognition results: cannot pickle '_thread.lock' object
2025-09-12 22:44:16,480 - ERROR - Error processing recognition results: cannot pickle '_thread.lock' object
2025-09-12 22:44:16,814 - ERROR - Error processing recognition results: cannot pickle '_thread.lock' object
2025-09-12 22:44:17,002 - ERROR - Error processing recognition results: cannot pickle '_thread.lock' object
2025-09-12 22:44:17,203 - ERROR - Error processing recognition results: cannot pickle '_thread.lock' object
2025-09-12 22:44:17,417 - ERROR - Error processing recognition results: cannot pickle '_thread.lock' object
2025-09-12 22:44:17,627 - ERROR - Error processing recognition results: cannot pickle '_thread.lock' object
2025-09-12 22:44:17,838 - ERROR - Error processing recognition results: cannot pickle '_thread.lock' object
2025-09-12 22:44:18,492 - ERROR - Error processing recognition results: cannot pickle '_thread.lock' object
2025-09-12 22:44:18,680 - ERROR - Error processing recognition results: cannot pickle '_thread.lock' object
2025-09-12 22:44:18,864 - ERROR - Error processing recognition results: cannot pickle '_thread.lock' object
2025-09-12 22:44:19,056 - ERROR - Error processing recognition results: cannot pickle '_thread.lock' object
2025-09-12 22:44:19,492 - ERROR - Error processing recognition results: cannot pickle '_thread.lock' object
2025-09-12 22:44:19,684 - ERROR - Error processing recognition results: cannot pickle '_thread.lock' object
2025-09-12 22:44:19,900 - ERROR - Error processing recognition results: cannot pickle '_thread.lock' object
2025-09-12 22:44:20,086 - ERROR - Error processing recognition results: cannot pickle '_thread.lock' object
2025-09-12 22:44:20,283 - ERROR - Error processing recognition results: cannot pickle '_thread.lock' object
2025-09-12 22:44:20,499 - ERROR - Error processing recognition results: cannot pickle '_thread.lock' object
2025-09-12 22:44:20,717 - ERROR - Error processing recognition results: cannot pickle '_thread.lock' object
2025-09-12 22:44:20,920 - ERROR - Error processing recognition results: cannot pickle '_thread.lock' object
2025-09-12 22:44:21,106 - ERROR - Error processing recognition results: cannot pickle '_thread.lock' object
2025-09-12 22:44:21,301 - ERROR - Error processing recognition results: cannot pickle '_thread.lock' object
2025-09-12 22:44:21,487 - ERROR - Error processing recognition results: cannot pickle '_thread.lock' object
2025-09-12 22:44:21,673 - ERROR - Error processing recognition results: cannot pickle '_thread.lock' object
2025-09-12 22:44:21,863 - ERROR - Error processing recognition results: cannot pickle '_thread.lock' object
2025-09-12 22:44:22,049 - ERROR - Error processing recognition results: cannot pickle '_thread.lock' object
2025-09-12 22:44:22,234 - ERROR - Error processing recognition results: cannot pickle '_thread.lock' object
2025-09-12 22:44:22,434 - ERROR - Error processing recognition results: cannot pickle '_thread.lock' object
2025-09-12 22:44:22,646 - ERROR - Error processing recognition results: cannot pickle '_thread.lock' object
2025-09-12 22:44:22,832 - ERROR - Error processing recognition results: cannot pickle '_thread.lock' object
2025-09-12 22:44:23,018 - ERROR - Error processing recognition results: cannot pickle '_thread.lock' object
2025-09-12 22:44:23,207 - ERROR - Error processing recognition results: cannot pickle '_thread.lock' object
2025-09-12 22:44:23,425 - ERROR - Error processing recognition results: cannot pickle '_thread.lock' object
2025-09-12 22:44:23,632 - ERROR - Error processing recognition results: cannot pickle '_thread.lock' object
2025-09-12 22:44:23,817 - ERROR - Error processing recognition results: cannot pickle '_thread.lock' object
2025-09-12 22:44:24,005 - ERROR - Error processing recognition results: cannot pickle '_thread.lock' object
2025-09-12 22:44:24,191 - ERROR - Error processing recognition results: cannot pickle '_thread.lock' object
2025-09-12 22:44:24,376 - ERROR - Error processing recognition results: cannot pickle '_thread.lock' object
2025-09-12 22:44:24,567 - ERROR - Error processing recognition results: cannot pickle '_thread.lock' object
2025-09-12 22:44:24,754 - ERROR - Error processing recognition results: cannot pickle '_thread.lock' object
2025-09-12 22:44:24,968 - ERROR - Error processing recognition results: cannot pickle '_thread.lock' object
2025-09-12 22:44:25,176 - ERROR - Error processing recognition results: cannot pickle '_thread.lock' object
2025-09-12 22:44:25,395 - ERROR - Error processing recognition results: cannot pickle '_thread.lock' object
2025-09-12 22:44:25,611 - ERROR - Error processing recognition results: cannot pickle '_thread.lock' object
2025-09-12 22:44:25,803 - ERROR - Error processing recognition results: cannot pickle '_thread.lock' object
2025-09-12 22:44:26,007 - ERROR - Error processing recognition results: cannot pickle '_thread.lock' object
2025-09-12 22:44:26,226 - ERROR - Error processing recognition results: cannot pickle '_thread.lock' object
2025-09-12 22:44:26,442 - ERROR - Error processing recognition results: cannot pickle '_thread.lock' object
2025-09-12 22:44:26,628 - ERROR - Error processing recognition results: cannot pickle '_thread.lock' object
2025-09-12 22:44:26,838 - ERROR - Error processing recognition results: cannot pickle '_thread.lock' object
2025-09-12 22:44:27,047 - ERROR - Error processing recognition results: cannot pickle '_thread.lock' object
2025-09-12 22:44:27,235 - ERROR - Error processing recognition results: cannot pickle '_thread.lock' object
2025-09-12 22:44:27,421 - ERROR - Error processing recognition results: cannot pickle '_thread.lock' object
2025-09-12 22:44:27,622 - ERROR - Error processing recognition results: cannot pickle '_thread.lock' object
2025-09-12 22:44:27,810 - ERROR - Error processing recognition results: cannot pickle '_thread.lock' object
2025-09-12 22:44:27,997 - ERROR - Error processing recognition results: cannot pickle '_thread.lock' object
2025-09-12 22:44:28,185 - ERROR - Error processing recognition results: cannot pickle '_thread.lock' object
2025-09-12 22:44:28,370 - ERROR - Error processing recognition results: cannot pickle '_thread.lock' object
2025-09-12 22:44:28,558 - ERROR - Error processing recognition results: cannot pickle '_thread.lock' object
2025-09-12 22:44:28,765 - ERROR - Error processing recognition results: cannot pickle '_thread.lock' object
2025-09-12 22:44:28,967 - ERROR - Error processing recognition results: cannot pickle '_thread.lock' object
2025-09-12 22:44:29,159 - ERROR - Error processing recognition results: cannot pickle '_thread.lock' object
2025-09-12 22:44:29,347 - ERROR - Error processing recognition results: cannot pickle '_thread.lock' object
2025-09-12 22:44:29,534 - ERROR - Error processing recognition results: cannot pickle '_thread.lock' object
2025-09-12 22:44:29,720 - ERROR - Error processing recognition results: cannot pickle '_thread.lock' object
2025-09-12 22:44:29,939 - ERROR - Error processing recognition results: cannot pickle '_thread.lock' object
2025-09-12 22:44:30,150 - ERROR - Error processing recognition results: cannot pickle '_thread.lock' object
2025-09-12 22:44:30,344 - ERROR - Error processing recognition results: cannot pickle '_thread.lock' object
2025-09-12 22:44:30,552 - ERROR - Error processing recognition results: cannot pickle '_thread.lock' object
2025-09-12 22:44:30,772 - ERROR - Error processing recognition results: cannot pickle '_thread.lock' object
2025-09-12 22:44:30,956 - ERROR - Error processing recognition results: cannot pickle '_thread.lock' object
2025-09-12 22:44:31,152 - ERROR - Error processing recognition results: cannot pickle '_thread.lock' object
2025-09-12 22:44:31,343 - ERROR - Error processing recognition results: cannot pickle '_thread.lock' object
2025-09-12 22:44:31,538 - ERROR - Error processing recognition results: cannot pickle '_thread.lock' object
2025-09-12 22:44:31,728 - ERROR - Error processing recognition results: cannot pickle '_thread.lock' object
2025-09-12 22:44:31,937 - ERROR - Error processing recognition results: cannot pickle '_thread.lock' object
2025-09-12 22:44:32,147 - ERROR - Error processing recognition results: cannot pickle '_thread.lock' object
2025-09-12 22:44:32,333 - ERROR - Error processing recognition results: cannot pickle '_thread.lock' object
2025-09-12 22:44:32,547 - ERROR - Error processing recognition results: cannot pickle '_thread.lock' object
2025-09-12 22:44:32,734 - ERROR - Error processing recognition results: cannot pickle '_thread.lock' object
2025-09-12 22:44:32,939 - ERROR - Error processing recognition results: cannot pickle '_thread.lock' object
2025-09-12 22:44:33,133 - ERROR - Error processing recognition results: cannot pickle '_thread.lock' object
2025-09-12 22:44:33,319 - ERROR - Error processing recognition results: cannot pickle '_thread.lock' object
2025-09-12 22:44:33,502 - ERROR - Error processing recognition results: cannot pickle '_thread.lock' object
2025-09-12 22:44:33,705 - ERROR - Error processing recognition results: cannot pickle '_thread.lock' object
2025-09-12 22:44:33,895 - ERROR - Error processing recognition results: cannot pickle '_thread.lock' object
2025-09-12 22:44:34,081 - ERROR - Error processing recognition results: cannot pickle '_thread.lock' object
2025-09-12 22:44:34,295 - ERROR - Error processing recognition results: cannot pickle '_thread.lock' object
2025-09-12 22:44:34,481 - ERROR - Error processing recognition results: cannot pickle '_thread.lock' object
2025-09-12 22:44:34,674 - ERROR - Error processing recognition results: cannot pickle '_thread.lock' object
2025-09-12 22:44:34,880 - ERROR - Error processing recognition results: cannot pickle '_thread.lock' object
2025-09-12 22:44:35,067 - ERROR - Error processing recognition results: cannot pickle '_thread.lock' object
2025-09-12 22:44:35,262 - ERROR - Error processing recognition results: cannot pickle '_thread.lock' object
2025-09-12 22:44:35,456 - ERROR - Error processing recognition results: cannot pickle '_thread.lock' object
2025-09-12 22:44:35,652 - ERROR - Error processing recognition results: cannot pickle '_thread.lock' object
2025-09-12 22:44:35,852 - ERROR - Error processing recognition results: cannot pickle '_thread.lock' object
2025-09-12 22:44:36,056 - ERROR - Error processing recognition results: cannot pickle '_thread.lock' object
2025-09-12 22:44:36,245 - ERROR - Error processing recognition results: cannot pickle '_thread.lock' object
2025-09-12 22:44:36,437 - ERROR - Error processing recognition results: cannot pickle '_thread.lock' object
2025-09-12 22:44:36,629 - ERROR - Error processing recognition results: cannot pickle '_thread.lock' object
2025-09-12 22:44:36,815 - ERROR - Error processing recognition results: cannot pickle '_thread.lock' object
2025-09-12 22:44:37,002 - ERROR - Error processing recognition results: cannot pickle '_thread.lock' object
2025-09-12 22:44:37,189 - ERROR - Error processing recognition results: cannot pickle '_thread.lock' object
2025-09-12 22:44:37,398 - ERROR - Error processing recognition results: cannot pickle '_thread.lock' object
2025-09-12 22:44:37,582 - ERROR - Error processing recognition results: cannot pickle '_thread.lock' object
2025-09-12 22:44:37,787 - ERROR - Error processing recognition results: cannot pickle '_thread.lock' object
2025-09-12 22:44:37,980 - ERROR - Error processing recognition results: cannot pickle '_thread.lock' object
2025-09-12 22:44:38,166 - ERROR - Error processing recognition results: cannot pickle '_thread.lock' object
2025-09-12 22:44:38,380 - ERROR - Error processing recognition results: cannot pickle '_thread.lock' object
2025-09-12 22:44:38,600 - ERROR - Error processing recognition results: cannot pickle '_thread.lock' object
2025-09-12 22:44:38,784 - ERROR - Error processing recognition results: cannot pickle '_thread.lock' object
2025-09-12 22:44:38,972 - ERROR - Error processing recognition results: cannot pickle '_thread.lock' object
2025-09-12 22:44:39,159 - ERROR - Error processing recognition results: cannot pickle '_thread.lock' object
2025-09-12 22:44:39,346 - ERROR - Error processing recognition results: cannot pickle '_thread.lock' object
2025-09-12 22:44:39,654 - ERROR - Error processing recognition results: cannot pickle '_thread.lock' object
2025-09-12 22:44:39,841 - ERROR - Error processing recognition results: cannot pickle '_thread.lock' object
2025-09-12 22:44:40,030 - ERROR - Error processing recognition results: cannot pickle '_thread.lock' object
2025-09-12 22:44:40,244 - ERROR - Error processing recognition results: cannot pickle '_thread.lock' object
2025-09-12 22:44:40,429 - ERROR - Error processing recognition results: cannot pickle '_thread.lock' object
2025-09-12 22:44:40,623 - ERROR - Error processing recognition results: cannot pickle '_thread.lock' object
2025-09-12 22:44:40,839 - ERROR - Error processing recognition results: cannot pickle '_thread.lock' object
2025-09-12 22:44:41,037 - ERROR - Error processing recognition results: cannot pickle '_thread.lock' object
2025-09-12 22:44:41,224 - ERROR - Error processing recognition results: cannot pickle '_thread.lock' object
2025-09-12 22:44:41,411 - ERROR - Error processing recognition results: cannot pickle '_thread.lock' object
2025-09-12 22:44:41,595 - ERROR - Error processing recognition results: cannot pickle '_thread.lock' object
2025-09-12 22:44:41,816 - ERROR - Error processing recognition results: cannot pickle '_thread.lock' object
2025-09-12 22:44:42,010 - ERROR - Error processing recognition results: cannot pickle '_thread.lock' object
2025-09-12 22:44:42,195 - ERROR - Error processing recognition results: cannot pickle '_thread.lock' object
2025-09-12 22:44:42,381 - ERROR - Error processing recognition results: cannot pickle '_thread.lock' object
2025-09-12 22:44:42,594 - ERROR - Error processing recognition results: cannot pickle '_thread.lock' object
2025-09-12 22:44:42,778 - ERROR - Error processing recognition results: cannot pickle '_thread.lock' object
2025-09-12 22:44:42,964 - ERROR - Error processing recognition results: cannot pickle '_thread.lock' object
2025-09-12 22:44:43,185 - ERROR - Error processing recognition results: cannot pickle '_thread.lock' object
2025-09-12 22:44:43,369 - ERROR - Error processing recognition results: cannot pickle '_thread.lock' object
2025-09-12 22:44:43,563 - ERROR - Error processing recognition results: cannot pickle '_thread.lock' object
2025-09-12 22:44:43,759 - ERROR - Error processing recognition results: cannot pickle '_thread.lock' object
2025-09-12 22:44:43,949 - ERROR - Error processing recognition results: cannot pickle '_thread.lock' object
2025-09-12 22:44:44,138 - ERROR - Error processing recognition results: cannot pickle '_thread.lock' object
2025-09-12 22:44:44,335 - ERROR - Error processing recognition results: cannot pickle '_thread.lock' object
2025-09-12 22:44:44,549 - ERROR - Error processing recognition results: cannot pickle '_thread.lock' object
2025-09-12 22:44:44,736 - ERROR - Error processing recognition results: cannot pickle '_thread.lock' object
2025-09-12 22:44:44,955 - ERROR - Error processing recognition results: cannot pickle '_thread.lock' object
2025-09-12 22:44:45,141 - ERROR - Error processing recognition results: cannot pickle '_thread.lock' object
2025-09-12 22:44:45,346 - ERROR - Error processing recognition results: cannot pickle '_thread.lock' object
2025-09-12 22:44:45,532 - ERROR - Error processing recognition results: cannot pickle '_thread.lock' object
2025-09-12 22:44:45,715 - ERROR - Error processing recognition results: cannot pickle '_thread.lock' object
2025-09-12 22:44:45,902 - ERROR - Error processing recognition results: cannot pickle '_thread.lock' object
2025-09-12 22:44:46,103 - ERROR - Error processing recognition results: cannot pickle '_thread.lock' object
2025-09-12 22:44:46,308 - ERROR - Error processing recognition results: cannot pickle '_thread.lock' object
2025-09-12 22:44:46,502 - ERROR - Error processing recognition results: cannot pickle '_thread.lock' object
2025-09-12 22:44:46,698 - ERROR - Error processing recognition results: cannot pickle '_thread.lock' object
2025-09-12 22:44:46,882 - ERROR - Error processing recognition results: cannot pickle '_thread.lock' object
2025-09-12 22:44:47,072 - ERROR - Error processing recognition results: cannot pickle '_thread.lock' object
2025-09-12 22:44:47,263 - ERROR - Error processing recognition results: cannot pickle '_thread.lock' object
2025-09-12 22:44:47,448 - ERROR - Error processing recognition results: cannot pickle '_thread.lock' object
2025-09-12 22:44:47,635 - ERROR - Error processing recognition results: cannot pickle '_thread.lock' object
2025-09-12 22:44:47,887 - ERROR - Error processing recognition results: cannot pickle '_thread.lock' object
2025-09-12 22:44:48,073 - ERROR - Error processing recognition results: cannot pickle '_thread.lock' object
2025-09-12 22:44:48,259 - ERROR - Error processing recognition results: cannot pickle '_thread.lock' object
2025-09-12 22:44:48,448 - ERROR - Error processing recognition results: cannot pickle '_thread.lock' object
2025-09-12 22:44:48,635 - ERROR - Error processing recognition results: cannot pickle '_thread.lock' object
2025-09-12 22:44:48,834 - ERROR - Error processing recognition results: cannot pickle '_thread.lock' object
2025-09-12 22:44:49,031 - ERROR - Error processing recognition results: cannot pickle '_thread.lock' object
2025-09-12 22:44:49,221 - ERROR - Error processing recognition results: cannot pickle '_thread.lock' object
2025-09-12 22:44:49,405 - ERROR - Error processing recognition results: cannot pickle '_thread.lock' object
2025-09-12 22:44:49,603 - ERROR - Error processing recognition results: cannot pickle '_thread.lock' object
2025-09-12 22:44:49,795 - ERROR - Error processing recognition results: cannot pickle '_thread.lock' object
2025-09-12 22:44:50,000 - ERROR - Error processing recognition results: cannot pickle '_thread.lock' object
2025-09-12 22:44:50,189 - ERROR - Error processing recognition results: cannot pickle '_thread.lock' object
2025-09-12 22:44:50,375 - ERROR - Error processing recognition results: cannot pickle '_thread.lock' object
2025-09-12 22:44:50,559 - ERROR - Error processing recognition results: cannot pickle '_thread.lock' object
2025-09-12 22:44:50,747 - ERROR - Error processing recognition results: cannot pickle '_thread.lock' object
2025-09-12 22:44:50,935 - ERROR - Error processing recognition results: cannot pickle '_thread.lock' object
2025-09-12 22:44:51,120 - ERROR - Error processing recognition results: cannot pickle '_thread.lock' object
2025-09-12 22:44:51,308 - ERROR - Error processing recognition results: cannot pickle '_thread.lock' object
2025-09-12 22:44:51,511 - ERROR - Error processing recognition results: cannot pickle '_thread.lock' object
2025-09-12 22:44:51,698 - ERROR - Error processing recognition results: cannot pickle '_thread.lock' object
2025-09-12 22:44:51,896 - ERROR - Error processing recognition results: cannot pickle '_thread.lock' object
2025-09-12 22:44:52,085 - ERROR - Error processing recognition results: cannot pickle '_thread.lock' object
2025-09-12 22:44:52,269 - ERROR - Error processing recognition results: cannot pickle '_thread.lock' object
2025-09-12 22:44:52,451 - ERROR - Error processing recognition results: cannot pickle '_thread.lock' object
2025-09-12 22:44:52,647 - ERROR - Error processing recognition results: cannot pickle '_thread.lock' object
2025-09-12 22:44:52,833 - ERROR - Error processing recognition results: cannot pickle '_thread.lock' object
2025-09-12 22:44:53,027 - ERROR - Error processing recognition results: cannot pickle '_thread.lock' object
2025-09-12 22:44:53,219 - ERROR - Error processing recognition results: cannot pickle '_thread.lock' object
2025-09-12 22:44:53,405 - ERROR - Error processing recognition results: cannot pickle '_thread.lock' object
2025-09-12 22:44:53,594 - ERROR - Error processing recognition results: cannot pickle '_thread.lock' object
2025-09-12 22:44:53,798 - ERROR - Error processing recognition results: cannot pickle '_thread.lock' object
2025-09-12 22:44:53,982 - ERROR - Error processing recognition results: cannot pickle '_thread.lock' object
2025-09-12 22:44:54,169 - ERROR - Error processing recognition results: cannot pickle '_thread.lock' object
2025-09-12 22:44:54,367 - ERROR - Error processing recognition results: cannot pickle '_thread.lock' object
2025-09-12 22:44:54,553 - ERROR - Error processing recognition results: cannot pickle '_thread.lock' object
2025-09-12 22:44:54,760 - ERROR - Error processing recognition results: cannot pickle '_thread.lock' object
2025-09-12 22:44:54,966 - ERROR - Error processing recognition results: cannot pickle '_thread.lock' object
2025-09-12 22:44:55,160 - ERROR - Error processing recognition results: cannot pickle '_thread.lock' object
2025-09-12 22:44:55,346 - ERROR - Error processing recognition results: cannot pickle '_thread.lock' object
2025-09-12 22:44:55,535 - ERROR - Error processing recognition results: cannot pickle '_thread.lock' object
2025-09-12 22:44:55,721 - ERROR - Error processing recognition results: cannot pickle '_thread.lock' object
2025-09-12 22:44:55,929 - ERROR - Error processing recognition results: cannot pickle '_thread.lock' object
2025-09-12 22:44:56,209 - ERROR - Error processing recognition results: cannot pickle '_thread.lock' object
2025-09-12 22:44:56,398 - ERROR - Error processing recognition results: cannot pickle '_thread.lock' object
2025-09-12 22:44:56,585 - ERROR - Error processing recognition results: cannot pickle '_thread.lock' object
2025-09-12 22:44:56,796 - ERROR - Error processing recognition results: cannot pickle '_thread.lock' object
2025-09-12 22:44:56,984 - ERROR - Error processing recognition results: cannot pickle '_thread.lock' object
2025-09-12 22:44:57,200 - ERROR - Error processing recognition results: cannot pickle '_thread.lock' object
2025-09-12 22:44:57,391 - ERROR - Error processing recognition results: cannot pickle '_thread.lock' object
2025-09-12 22:44:57,701 - ERROR - Error processing recognition results: cannot pickle '_thread.lock' object
2025-09-12 22:44:57,920 - ERROR - Error processing recognition results: cannot pickle '_thread.lock' object
2025-09-12 22:44:58,116 - ERROR - Error processing recognition results: cannot pickle '_thread.lock' object
2025-09-12 22:44:58,325 - ERROR - Error processing recognition results: cannot pickle '_thread.lock' object
2025-09-12 22:44:58,536 - ERROR - Error processing recognition results: cannot pickle '_thread.lock' object
2025-09-12 22:44:58,727 - ERROR - Error processing recognition results: cannot pickle '_thread.lock' object
2025-09-12 22:44:58,921 - ERROR - Error processing recognition results: cannot pickle '_thread.lock' object
2025-09-12 22:44:59,112 - ERROR - Error processing recognition results: cannot pickle '_thread.lock' object
2025-09-12 22:44:59,313 - ERROR - Error processing recognition results: cannot pickle '_thread.lock' object
2025-09-12 22:44:59,499 - ERROR - Error processing recognition results: cannot pickle '_thread.lock' object
2025-09-12 22:44:59,684 - ERROR - Error processing recognition results: cannot pickle '_thread.lock' object
2025-09-12 22:44:59,891 - ERROR - Error processing recognition results: cannot pickle '_thread.lock' object
2025-09-12 22:45:00,075 - ERROR - Error processing recognition results: cannot pickle '_thread.lock' object
2025-09-12 22:45:00,263 - ERROR - Error processing recognition results: cannot pickle '_thread.lock' object
2025-09-12 22:45:00,479 - ERROR - Error processing recognition results: cannot pickle '_thread.lock' object
2025-09-12 22:45:00,700 - ERROR - Error processing recognition results: cannot pickle '_thread.lock' object
2025-09-12 22:45:00,917 - ERROR - Error processing recognition results: cannot pickle '_thread.lock' object
2025-09-12 22:45:01,107 - ERROR - Error processing recognition results: cannot pickle '_thread.lock' object
2025-09-12 22:45:01,320 - ERROR - Error processing recognition results: cannot pickle '_thread.lock' object
2025-09-12 22:45:01,523 - ERROR - Error processing recognition results: cannot pickle '_thread.lock' object
2025-09-12 22:45:01,731 - ERROR - Error processing recognition results: cannot pickle '_thread.lock' object
2025-09-12 22:45:01,935 - ERROR - Error processing recognition results: cannot pickle '_thread.lock' object
2025-09-12 22:45:02,122 - ERROR - Error processing recognition results: cannot pickle '_thread.lock' object
2025-09-12 22:45:02,315 - ERROR - Error processing recognition results: cannot pickle '_thread.lock' object
2025-09-12 22:45:02,512 - ERROR - Error processing recognition results: cannot pickle '_thread.lock' object
2025-09-12 22:45:02,702 - ERROR - Error processing recognition results: cannot pickle '_thread.lock' object
2025-09-12 22:45:02,885 - ERROR - Error processing recognition results: cannot pickle '_thread.lock' object
2025-09-12 22:45:03,070 - ERROR - Error processing recognition results: cannot pickle '_thread.lock' object
2025-09-12 22:45:03,280 - ERROR - Error processing recognition results: cannot pickle '_thread.lock' object
2025-09-12 22:45:03,468 - ERROR - Error processing recognition results: cannot pickle '_thread.lock' object
2025-09-12 22:45:03,675 - ERROR - Error processing recognition results: cannot pickle '_thread.lock' object
2025-09-12 22:45:03,861 - ERROR - Error processing recognition results: cannot pickle '_thread.lock' object
2025-09-12 22:45:04,048 - ERROR - Error processing recognition results: cannot pickle '_thread.lock' object
2025-09-12 22:45:04,233 - ERROR - Error processing recognition results: cannot pickle '_thread.lock' object
2025-09-12 22:45:04,441 - ERROR - Error processing recognition results: cannot pickle '_thread.lock' object
2025-09-12 22:45:04,628 - ERROR - Error processing recognition results: cannot pickle '_thread.lock' object
2025-09-12 22:45:04,826 - ERROR - Error processing recognition results: cannot pickle '_thread.lock' object
2025-09-12 22:45:05,027 - ERROR - Error processing recognition results: cannot pickle '_thread.lock' object
2025-09-12 22:45:05,212 - ERROR - Error processing recognition results: cannot pickle '_thread.lock' object
2025-09-12 22:45:05,398 - ERROR - Error processing recognition results: cannot pickle '_thread.lock' object
2025-09-12 22:45:05,584 - ERROR - Error processing recognition results: cannot pickle '_thread.lock' object
2025-09-12 22:45:05,769 - ERROR - Error processing recognition results: cannot pickle '_thread.lock' object
2025-09-12 22:45:05,956 - ERROR - Error processing recognition results: cannot pickle '_thread.lock' object
2025-09-12 22:45:06,142 - ERROR - Error processing recognition results: cannot pickle '_thread.lock' object
2025-09-12 22:45:06,329 - ERROR - Error processing recognition results: cannot pickle '_thread.lock' object
2025-09-12 22:45:06,543 - ERROR - Error processing recognition results: cannot pickle '_thread.lock' object
2025-09-12 22:45:06,731 - ERROR - Error processing recognition results: cannot pickle '_thread.lock' object
2025-09-12 22:45:06,949 - ERROR - Error processing recognition results: cannot pickle '_thread.lock' object
2025-09-12 22:45:07,160 - ERROR - Error processing recognition results: cannot pickle '_thread.lock' object
2025-09-12 22:45:07,359 - ERROR - Error processing recognition results: cannot pickle '_thread.lock' object
2025-09-12 22:45:07,657 - ERROR - Error processing recognition results: cannot pickle '_thread.lock' object
2025-09-12 22:45:07,847 - ERROR - Error processing recognition results: cannot pickle '_thread.lock' object
2025-09-12 22:45:08,053 - ERROR - Error processing recognition results: cannot pickle '_thread.lock' object
2025-09-12 22:45:08,243 - ERROR - Error processing recognition results: cannot pickle '_thread.lock' object
2025-09-12 22:45:08,438 - ERROR - Error processing recognition results: cannot pickle '_thread.lock' object
2025-09-12 22:45:08,654 - ERROR - Error processing recognition results: cannot pickle '_thread.lock' object
2025-09-12 22:45:08,845 - ERROR - Error processing recognition results: cannot pickle '_thread.lock' object
2025-09-12 22:45:09,032 - ERROR - Error processing recognition results: cannot pickle '_thread.lock' object
2025-09-12 22:45:09,248 - ERROR - Error processing recognition results: cannot pickle '_thread.lock' object
2025-09-12 22:45:09,436 - ERROR - Error processing recognition results: cannot pickle '_thread.lock' object
2025-09-12 22:45:09,625 - ERROR - Error processing recognition results: cannot pickle '_thread.lock' object
2025-09-12 22:45:09,810 - ERROR - Error processing recognition results: cannot pickle '_thread.lock' object
2025-09-12 22:45:09,998 - ERROR - Error processing recognition results: cannot pickle '_thread.lock' object
2025-09-12 22:45:10,189 - ERROR - Error processing recognition results: cannot pickle '_thread.lock' object
2025-09-12 22:45:10,385 - ERROR - Error processing recognition results: cannot pickle '_thread.lock' object
2025-09-12 22:45:10,570 - ERROR - Error processing recognition results: cannot pickle '_thread.lock' object
2025-09-12 22:45:10,757 - ERROR - Error processing recognition results: cannot pickle '_thread.lock' object
2025-09-12 22:45:10,945 - ERROR - Error processing recognition results: cannot pickle '_thread.lock' object
2025-09-12 22:45:11,152 - ERROR - Error processing recognition results: cannot pickle '_thread.lock' object
2025-09-12 22:45:11,336 - ERROR - Error processing recognition results: cannot pickle '_thread.lock' object
2025-09-12 22:45:11,523 - ERROR - Error processing recognition results: cannot pickle '_thread.lock' object
2025-09-12 22:45:11,711 - ERROR - Error processing recognition results: cannot pickle '_thread.lock' object
2025-09-12 22:45:11,896 - ERROR - Error processing recognition results: cannot pickle '_thread.lock' object
2025-09-12 22:45:12,086 - ERROR - Error processing recognition results: cannot pickle '_thread.lock' object
2025-09-12 22:45:12,269 - ERROR - Error processing recognition results: cannot pickle '_thread.lock' object
2025-09-12 22:45:12,456 - ERROR - Error processing recognition results: cannot pickle '_thread.lock' object
2025-09-12 22:45:12,642 - ERROR - Error processing recognition results: cannot pickle '_thread.lock' object
2025-09-12 22:45:12,853 - ERROR - Error processing recognition results: cannot pickle '_thread.lock' object
2025-09-12 22:45:13,043 - ERROR - Error processing recognition results: cannot pickle '_thread.lock' object
2025-09-12 22:45:13,228 - ERROR - Error processing recognition results: cannot pickle '_thread.lock' object
2025-09-12 22:45:13,450 - ERROR - Error processing recognition results: cannot pickle '_thread.lock' object
2025-09-12 22:45:13,640 - ERROR - Error processing recognition results: cannot pickle '_thread.lock' object
2025-09-12 22:45:13,824 - ERROR - Error processing recognition results: cannot pickle '_thread.lock' object
2025-09-12 22:45:14,046 - ERROR - Error processing recognition results: cannot pickle '_thread.lock' object
2025-09-12 22:45:14,233 - ERROR - Error processing recognition results: cannot pickle '_thread.lock' object
2025-09-12 22:45:14,421 - ERROR - Error processing recognition results: cannot pickle '_thread.lock' object
2025-09-12 22:45:14,621 - ERROR - Error processing recognition results: cannot pickle '_thread.lock' object
2025-09-12 22:45:14,808 - ERROR - Error processing recognition results: cannot pickle '_thread.lock' object
2025-09-12 22:45:14,996 - ERROR - Error processing recognition results: cannot pickle '_thread.lock' object
2025-09-12 22:45:15,209 - ERROR - Error processing recognition results: cannot pickle '_thread.lock' object
2025-09-12 22:45:15,403 - ERROR - Error processing recognition results: cannot pickle '_thread.lock' object
2025-09-12 22:45:15,683 - ERROR - Error processing recognition results: cannot pickle '_thread.lock' object
2025-09-12 22:45:15,895 - ERROR - Error processing recognition results: cannot pickle '_thread.lock' object
2025-09-12 22:45:16,115 - ERROR - Error processing recognition results: cannot pickle '_thread.lock' object
2025-09-12 22:45:16,325 - ERROR - Error processing recognition results: cannot pickle '_thread.lock' object
2025-09-12 22:45:16,522 - ERROR - Error processing recognition results: cannot pickle '_thread.lock' object
2025-09-12 22:45:16,708 - ERROR - Error processing recognition results: cannot pickle '_thread.lock' object
2025-09-12 22:45:16,924 - ERROR - Error processing recognition results: cannot pickle '_thread.lock' object
2025-09-12 22:45:17,111 - ERROR - Error processing recognition results: cannot pickle '_thread.lock' object
2025-09-12 22:45:17,297 - ERROR - Error processing recognition results: cannot pickle '_thread.lock' object
2025-09-12 22:45:17,514 - ERROR - Error processing recognition results: cannot pickle '_thread.lock' object
2025-09-12 22:45:17,702 - ERROR - Error processing recognition results: cannot pickle '_thread.lock' object
2025-09-12 22:45:17,914 - ERROR - Error processing recognition results: cannot pickle '_thread.lock' object
2025-09-12 22:45:18,125 - ERROR - Error processing recognition results: cannot pickle '_thread.lock' object
2025-09-12 22:45:18,320 - ERROR - Error processing recognition results: cannot pickle '_thread.lock' object
2025-09-12 22:45:18,503 - ERROR - Error processing recognition results: cannot pickle '_thread.lock' object
2025-09-12 22:45:18,687 - ERROR - Error processing recognition results: cannot pickle '_thread.lock' object
2025-09-12 22:45:18,872 - ERROR - Error processing recognition results: cannot pickle '_thread.lock' object
2025-09-12 22:45:19,060 - ERROR - Error processing recognition results: cannot pickle '_thread.lock' object
2025-09-12 22:45:19,245 - ERROR - Error processing recognition results: cannot pickle '_thread.lock' object
2025-09-12 22:45:19,431 - ERROR - Error processing recognition results: cannot pickle '_thread.lock' object
2025-09-12 22:45:19,615 - ERROR - Error processing recognition results: cannot pickle '_thread.lock' object
2025-09-12 22:45:19,798 - ERROR - Error processing recognition results: cannot pickle '_thread.lock' object
2025-09-12 22:45:19,983 - ERROR - Error processing recognition results: cannot pickle '_thread.lock' object
2025-09-12 22:45:20,170 - ERROR - Error processing recognition results: cannot pickle '_thread.lock' object
2025-09-12 22:45:20,357 - ERROR - Error processing recognition results: cannot pickle '_thread.lock' object
2025-09-12 22:45:20,543 - ERROR - Error processing recognition results: cannot pickle '_thread.lock' object
2025-09-12 22:45:20,728 - ERROR - Error processing recognition results: cannot pickle '_thread.lock' object
2025-09-12 22:45:20,914 - ERROR - Error processing recognition results: cannot pickle '_thread.lock' object
2025-09-12 22:45:21,097 - ERROR - Error processing recognition results: cannot pickle '_thread.lock' object
2025-09-12 22:45:21,299 - ERROR - Error processing recognition results: cannot pickle '_thread.lock' object
2025-09-12 22:45:21,483 - ERROR - Error processing recognition results: cannot pickle '_thread.lock' object
2025-09-12 22:45:21,668 - ERROR - Error processing recognition results: cannot pickle '_thread.lock' object
2025-09-12 22:45:21,855 - ERROR - Error processing recognition results: cannot pickle '_thread.lock' object
2025-09-12 22:45:22,040 - ERROR - Error processing recognition results: cannot pickle '_thread.lock' object
2025-09-12 22:45:22,224 - ERROR - Error processing recognition results: cannot pickle '_thread.lock' object
2025-09-12 22:45:22,414 - ERROR - Error processing recognition results: cannot pickle '_thread.lock' object
2025-09-12 22:45:22,627 - ERROR - Error processing recognition results: cannot pickle '_thread.lock' object
2025-09-12 22:45:22,840 - ERROR - Error processing recognition results: cannot pickle '_thread.lock' object
2025-09-12 22:45:23,036 - ERROR - Error processing recognition results: cannot pickle '_thread.lock' object
2025-09-12 22:45:23,218 - ERROR - Error processing recognition results: cannot pickle '_thread.lock' object
2025-09-12 22:45:23,399 - ERROR - Error processing recognition results: cannot pickle '_thread.lock' object
2025-09-12 22:45:23,581 - ERROR - Error processing recognition results: cannot pickle '_thread.lock' object
2025-09-12 22:45:23,767 - ERROR - Error processing recognition results: cannot pickle '_thread.lock' object
2025-09-12 22:45:23,982 - ERROR - Error processing recognition results: cannot pickle '_thread.lock' object
2025-09-12 22:45:24,307 - ERROR - Error processing recognition results: cannot pickle '_thread.lock' object
2025-09-12 22:45:24,516 - ERROR - Error processing recognition results: cannot pickle '_thread.lock' object
2025-09-12 22:45:24,739 - ERROR - Error processing recognition results: cannot pickle '_thread.lock' object
2025-09-12 22:45:24,942 - ERROR - Error processing recognition results: cannot pickle '_thread.lock' object
2025-09-12 22:45:25,133 - ERROR - Error processing recognition results: cannot pickle '_thread.lock' object
2025-09-12 22:45:25,343 - ERROR - Error processing recognition results: cannot pickle '_thread.lock' object
2025-09-12 22:45:25,557 - ERROR - Error processing recognition results: cannot pickle '_thread.lock' object
2025-09-12 22:45:25,774 - ERROR - Error processing recognition results: cannot pickle '_thread.lock' object
2025-09-12 22:45:25,990 - ERROR - Error processing recognition results: cannot pickle '_thread.lock' object
2025-09-12 22:45:26,189 - ERROR - Error processing recognition results: cannot pickle '_thread.lock' object
2025-09-12 22:45:26,391 - ERROR - Error processing recognition results: cannot pickle '_thread.lock' object
2025-09-12 22:45:26,584 - ERROR - Error processing recognition results: cannot pickle '_thread.lock' object
2025-09-12 22:45:26,770 - ERROR - Error processing recognition results: cannot pickle '_thread.lock' object
2025-09-12 22:45:26,956 - ERROR - Error processing recognition results: cannot pickle '_thread.lock' object
2025-09-12 22:45:27,148 - ERROR - Error processing recognition results: cannot pickle '_thread.lock' object
2025-09-12 22:45:27,348 - ERROR - Error processing recognition results: cannot pickle '_thread.lock' object
2025-09-12 22:45:27,551 - ERROR - Error processing recognition results: cannot pickle '_thread.lock' object
2025-09-12 22:45:27,774 - ERROR - Error processing recognition results: cannot pickle '_thread.lock' object
2025-09-12 22:45:27,971 - ERROR - Error processing recognition results: cannot pickle '_thread.lock' object
2025-09-12 22:45:28,161 - ERROR - Error processing recognition results: cannot pickle '_thread.lock' object
2025-09-12 22:45:28,343 - ERROR - Error processing recognition results: cannot pickle '_thread.lock' object
2025-09-12 22:45:28,527 - ERROR - Error processing recognition results: cannot pickle '_thread.lock' object
2025-09-12 22:45:28,743 - ERROR - Error processing recognition results: cannot pickle '_thread.lock' object
2025-09-12 22:45:28,928 - ERROR - Error processing recognition results: cannot pickle '_thread.lock' object
2025-09-12 22:45:29,112 - ERROR - Error processing recognition results: cannot pickle '_thread.lock' object
2025-09-12 22:45:29,324 - ERROR - Error processing recognition results: cannot pickle '_thread.lock' object
2025-09-12 22:45:29,520 - ERROR - Error processing recognition results: cannot pickle '_thread.lock' object
2025-09-12 22:45:29,705 - ERROR - Error processing recognition results: cannot pickle '_thread.lock' object
2025-09-12 22:45:29,905 - ERROR - Error processing recognition results: cannot pickle '_thread.lock' object
2025-09-12 22:45:30,091 - ERROR - Error processing recognition results: cannot pickle '_thread.lock' object
2025-09-12 22:45:30,278 - ERROR - Error processing recognition results: cannot pickle '_thread.lock' object
2025-09-12 22:45:30,495 - ERROR - Error processing recognition results: cannot pickle '_thread.lock' object
2025-09-12 22:45:30,689 - ERROR - Error processing recognition results: cannot pickle '_thread.lock' object
2025-09-12 22:45:30,876 - ERROR - Error processing recognition results: cannot pickle '_thread.lock' object
2025-09-12 22:45:31,094 - ERROR - Error processing recognition results: cannot pickle '_thread.lock' object
2025-09-12 22:45:31,277 - ERROR - Error processing recognition results: cannot pickle '_thread.lock' object
2025-09-12 22:45:31,464 - ERROR - Error processing recognition results: cannot pickle '_thread.lock' object
2025-09-12 22:45:31,660 - ERROR - Error processing recognition results: cannot pickle '_thread.lock' object
2025-09-12 22:45:31,843 - ERROR - Error processing recognition results: cannot pickle '_thread.lock' object
2025-09-12 22:45:32,029 - ERROR - Error processing recognition results: cannot pickle '_thread.lock' object
2025-09-12 22:45:32,256 - ERROR - Error processing recognition results: cannot pickle '_thread.lock' object
2025-09-12 22:45:32,446 - ERROR - Error processing recognition results: cannot pickle '_thread.lock' object
2025-09-12 22:45:32,760 - ERROR - Error processing recognition results: cannot pickle '_thread.lock' object
2025-09-12 22:45:32,979 - ERROR - Error processing recognition results: cannot pickle '_thread.lock' object
2025-09-12 22:45:33,178 - ERROR - Error processing recognition results: cannot pickle '_thread.lock' object
2025-09-12 22:45:33,389 - ERROR - Error processing recognition results: cannot pickle '_thread.lock' object
2025-09-12 22:45:33,590 - ERROR - Error processing recognition results: cannot pickle '_thread.lock' object
2025-09-12 22:45:33,790 - ERROR - Error processing recognition results: cannot pickle '_thread.lock' object
2025-09-12 22:45:33,987 - ERROR - Error processing recognition results: cannot pickle '_thread.lock' object
2025-09-12 22:45:34,195 - ERROR - Error processing recognition results: cannot pickle '_thread.lock' object
2025-09-12 22:45:34,378 - ERROR - Error processing recognition results: cannot pickle '_thread.lock' object
2025-09-12 22:45:34,583 - ERROR - Error processing recognition results: cannot pickle '_thread.lock' object
2025-09-12 22:45:34,772 - ERROR - Error processing recognition results: cannot pickle '_thread.lock' object
2025-09-12 22:45:34,955 - ERROR - Error processing recognition results: cannot pickle '_thread.lock' object
2025-09-12 22:45:35,169 - ERROR - Error processing recognition results: cannot pickle '_thread.lock' object
2025-09-12 22:45:35,352 - ERROR - Error processing recognition results: cannot pickle '_thread.lock' object
2025-09-12 22:45:35,534 - ERROR - Error processing recognition results: cannot pickle '_thread.lock' object
2025-09-12 22:45:35,745 - ERROR - Error processing recognition results: cannot pickle '_thread.lock' object
2025-09-12 22:45:35,927 - ERROR - Error processing recognition results: cannot pickle '_thread.lock' object
2025-09-12 22:45:36,108 - ERROR - Error processing recognition results: cannot pickle '_thread.lock' object
2025-09-12 22:45:36,313 - ERROR - Error processing recognition results: cannot pickle '_thread.lock' object
2025-09-12 22:45:36,494 - ERROR - Error processing recognition results: cannot pickle '_thread.lock' object
2025-09-12 22:45:36,676 - ERROR - Error processing recognition results: cannot pickle '_thread.lock' object
2025-09-12 22:45:36,880 - ERROR - Error processing recognition results: cannot pickle '_thread.lock' object
2025-09-12 22:45:37,065 - ERROR - Error processing recognition results: cannot pickle '_thread.lock' object
2025-09-12 22:45:37,256 - ERROR - Error processing recognition results: cannot pickle '_thread.lock' object
2025-09-12 22:45:37,478 - ERROR - Error processing recognition results: cannot pickle '_thread.lock' object
2025-09-12 22:45:37,662 - ERROR - Error processing recognition results: cannot pickle '_thread.lock' object
2025-09-12 22:45:37,901 - ERROR - Error processing recognition results: cannot pickle '_thread.lock' object
2025-09-12 22:45:38,105 - ERROR - Error processing recognition results: cannot pickle '_thread.lock' object
2025-09-12 22:45:38,295 - ERROR - Error processing recognition results: cannot pickle '_thread.lock' object
2025-09-12 22:45:38,482 - ERROR - Error processing recognition results: cannot pickle '_thread.lock' object
2025-09-12 22:45:38,672 - ERROR - Error processing recognition results: cannot pickle '_thread.lock' object
2025-09-12 22:45:38,857 - ERROR - Error processing recognition results: cannot pickle '_thread.lock' object
2025-09-12 22:45:39,044 - ERROR - Error processing recognition results: cannot pickle '_thread.lock' object
2025-09-12 22:45:39,231 - ERROR - Error processing recognition results: cannot pickle '_thread.lock' object
2025-09-12 22:45:39,424 - ERROR - Error processing recognition results: cannot pickle '_thread.lock' object
2025-09-12 22:45:39,615 - ERROR - Error processing recognition results: cannot pickle '_thread.lock' object
2025-09-12 22:45:39,803 - ERROR - Error processing recognition results: cannot pickle '_thread.lock' object
2025-09-12 22:45:39,999 - ERROR - Error processing recognition results: cannot pickle '_thread.lock' object
2025-09-12 22:45:40,194 - ERROR - Error processing recognition results: cannot pickle '_thread.lock' object
2025-09-12 22:45:40,378 - ERROR - Error processing recognition results: cannot pickle '_thread.lock' object
2025-09-12 22:45:40,563 - ERROR - Error processing recognition results: cannot pickle '_thread.lock' object
2025-09-12 22:45:40,779 - ERROR - Error processing recognition results: cannot pickle '_thread.lock' object
2025-09-12 22:45:40,962 - ERROR - Error processing recognition results: cannot pickle '_thread.lock' object
2025-09-12 22:45:41,152 - ERROR - Error processing recognition results: cannot pickle '_thread.lock' object
2025-09-12 22:45:41,340 - ERROR - Error processing recognition results: cannot pickle '_thread.lock' object
2025-09-12 22:45:41,524 - ERROR - Error processing recognition results: cannot pickle '_thread.lock' object
2025-09-12 22:45:41,708 - ERROR - Error processing recognition results: cannot pickle '_thread.lock' object
2025-09-12 22:45:41,894 - ERROR - Error processing recognition results: cannot pickle '_thread.lock' object
2025-09-12 22:45:42,078 - ERROR - Error processing recognition results: cannot pickle '_thread.lock' object
2025-09-12 22:45:42,261 - ERROR - Error processing recognition results: cannot pickle '_thread.lock' object
2025-09-12 22:45:42,445 - ERROR - Error processing recognition results: cannot pickle '_thread.lock' object
2025-09-12 22:45:42,631 - ERROR - Error processing recognition results: cannot pickle '_thread.lock' object
2025-09-12 22:45:42,815 - ERROR - Error processing recognition results: cannot pickle '_thread.lock' object
2025-09-12 22:45:43,001 - ERROR - Error processing recognition results: cannot pickle '_thread.lock' object
2025-09-12 22:45:43,186 - ERROR - Error processing recognition results: cannot pickle '_thread.lock' object
2025-09-12 22:45:43,370 - ERROR - Error processing recognition results: cannot pickle '_thread.lock' object
2025-09-12 22:45:43,559 - ERROR - Error processing recognition results: cannot pickle '_thread.lock' object
2025-09-12 22:45:43,789 - ERROR - Error processing recognition results: cannot pickle '_thread.lock' object
2025-09-12 22:45:44,000 - ERROR - Error processing recognition results: cannot pickle '_thread.lock' object
2025-09-12 22:45:44,190 - ERROR - Error processing recognition results: cannot pickle '_thread.lock' object
2025-09-12 22:45:44,376 - ERROR - Error processing recognition results: cannot pickle '_thread.lock' object
2025-09-12 22:45:44,561 - ERROR - Error processing recognition results: cannot pickle '_thread.lock' object
2025-09-12 22:45:44,746 - ERROR - Error processing recognition results: cannot pickle '_thread.lock' object
2025-09-12 22:45:44,932 - ERROR - Error processing recognition results: cannot pickle '_thread.lock' object
2025-09-12 22:45:45,118 - ERROR - Error processing recognition results: cannot pickle '_thread.lock' object
2025-09-12 22:45:45,304 - ERROR - Error processing recognition results: cannot pickle '_thread.lock' object
2025-09-12 22:45:45,490 - ERROR - Error processing recognition results: cannot pickle '_thread.lock' object
2025-09-12 22:45:45,678 - ERROR - Error processing recognition results: cannot pickle '_thread.lock' object
2025-09-12 22:45:45,864 - ERROR - Error processing recognition results: cannot pickle '_thread.lock' object
2025-09-12 22:45:46,053 - ERROR - Error processing recognition results: cannot pickle '_thread.lock' object
2025-09-12 22:45:46,274 - ERROR - Error processing recognition results: cannot pickle '_thread.lock' object
2025-09-12 22:45:46,701 - ERROR - Error processing recognition results: cannot pickle '_thread.lock' object
2025-09-12 22:45:46,913 - ERROR - Error processing recognition results: cannot pickle '_thread.lock' object
2025-09-12 22:45:47,129 - ERROR - Error processing recognition results: cannot pickle '_thread.lock' object
2025-09-12 22:45:47,343 - ERROR - Error processing recognition results: cannot pickle '_thread.lock' object
2025-09-12 22:45:47,555 - ERROR - Error processing recognition results: cannot pickle '_thread.lock' object
2025-09-12 22:45:47,770 - ERROR - Error processing recognition results: cannot pickle '_thread.lock' object
2025-09-12 22:45:47,995 - ERROR - Error processing recognition results: cannot pickle '_thread.lock' object
2025-09-12 22:45:48,222 - ERROR - Error processing recognition results: cannot pickle '_thread.lock' object
2025-09-12 22:45:48,440 - ERROR - Error processing recognition results: cannot pickle '_thread.lock' object
2025-09-12 22:45:48,661 - ERROR - Error processing recognition results: cannot pickle '_thread.lock' object
2025-09-12 22:45:48,853 - ERROR - Error processing recognition results: cannot pickle '_thread.lock' object
2025-09-12 22:45:49,060 - ERROR - Error processing recognition results: cannot pickle '_thread.lock' object
2025-09-12 22:45:49,302 - ERROR - Error processing recognition results: cannot pickle '_thread.lock' object
2025-09-12 22:45:49,494 - ERROR - Error processing recognition results: cannot pickle '_thread.lock' object
2025-09-12 22:45:49,708 - ERROR - Error processing recognition results: cannot pickle '_thread.lock' object
2025-09-12 22:45:49,923 - ERROR - Error processing recognition results: cannot pickle '_thread.lock' object
2025-09-12 22:45:50,134 - ERROR - Error processing recognition results: cannot pickle '_thread.lock' object
2025-09-12 22:45:50,361 - ERROR - Error processing recognition results: cannot pickle '_thread.lock' object
2025-09-12 22:45:50,967 - ERROR - Error processing recognition results: cannot pickle '_thread.lock' object
2025-09-12 22:45:51,167 - ERROR - Error processing recognition results: cannot pickle '_thread.lock' object
2025-09-12 22:45:51,388 - ERROR - Error processing recognition results: cannot pickle '_thread.lock' object
2025-09-12 22:45:51,605 - ERROR - Error processing recognition results: cannot pickle '_thread.lock' object
2025-09-12 22:45:51,822 - ERROR - Error processing recognition results: cannot pickle '_thread.lock' object
2025-09-12 22:45:52,822 - ERROR - Error processing recognition results: cannot pickle '_thread.lock' object
2025-09-12 22:45:53,035 - ERROR - Error processing recognition results: cannot pickle '_thread.lock' object
2025-09-12 22:45:53,244 - ERROR - Error processing recognition results: cannot pickle '_thread.lock' object
2025-09-12 22:45:53,965 - ERROR - Error processing recognition results: cannot pickle '_thread.lock' object
2025-09-12 22:45:54,177 - ERROR - Error processing recognition results: cannot pickle '_thread.lock' object
2025-09-12 22:45:54,393 - ERROR - Error processing recognition results: cannot pickle '_thread.lock' object
2025-09-12 22:45:54,605 - ERROR - Error processing recognition results: cannot pickle '_thread.lock' object
2025-09-12 22:45:55,136 - ERROR - Error processing recognition results: cannot pickle '_thread.lock' object
2025-09-12 22:45:55,347 - ERROR - Error processing recognition results: cannot pickle '_thread.lock' object
2025-09-12 22:45:55,576 - ERROR - Error processing recognition results: cannot pickle '_thread.lock' object
2025-09-12 22:45:55,794 - ERROR - Error processing recognition results: cannot pickle '_thread.lock' object
2025-09-12 22:45:56,011 - ERROR - Error processing recognition results: cannot pickle '_thread.lock' object
2025-09-12 22:45:56,231 - ERROR - Error processing recognition results: cannot pickle '_thread.lock' object
2025-09-12 22:45:56,444 - ERROR - Error processing recognition results: cannot pickle '_thread.lock' object
2025-09-12 22:45:56,662 - ERROR - Error processing recognition results: cannot pickle '_thread.lock' object
2025-09-12 22:45:57,684 - ERROR - Error processing recognition results: cannot pickle '_thread.lock' object
2025-09-12 22:45:57,900 - ERROR - Error processing recognition results: cannot pickle '_thread.lock' object
2025-09-12 22:45:58,114 - ERROR - Error processing recognition results: cannot pickle '_thread.lock' object
2025-09-12 22:45:58,330 - ERROR - Error processing recognition results: cannot pickle '_thread.lock' object
2025-09-12 22:45:58,549 - ERROR - Error processing recognition results: cannot pickle '_thread.lock' object
2025-09-12 22:45:59,362 - ERROR - Error processing recognition results: cannot pickle '_thread.lock' object
2025-09-12 22:45:59,577 - ERROR - Error processing recognition results: cannot pickle '_thread.lock' object
2025-09-12 22:45:59,789 - ERROR - Error processing recognition results: cannot pickle '_thread.lock' object
2025-09-12 22:46:00,000 - ERROR - Error processing recognition results: cannot pickle '_thread.lock' object
2025-09-12 22:46:00,213 - ERROR - Error processing recognition results: cannot pickle '_thread.lock' object
2025-09-12 22:46:01,000 - ERROR - Error processing recognition results: cannot pickle '_thread.lock' object
2025-09-12 22:46:01,204 - ERROR - Error processing recognition results: cannot pickle '_thread.lock' object
2025-09-12 22:46:01,418 - ERROR - Error processing recognition results: cannot pickle '_thread.lock' object
2025-09-12 22:46:01,633 - ERROR - Error processing recognition results: cannot pickle '_thread.lock' object
2025-09-12 22:46:01,845 - ERROR - Error processing recognition results: cannot pickle '_thread.lock' object
2025-09-12 22:46:02,060 - ERROR - Error processing recognition results: cannot pickle '_thread.lock' object
2025-09-12 22:46:02,590 - ERROR - Error processing recognition results: cannot pickle '_thread.lock' object
2025-09-12 22:46:02,807 - ERROR - Error processing recognition results: cannot pickle '_thread.lock' object
2025-09-12 22:46:03,044 - ERROR - Error processing recognition results: cannot pickle '_thread.lock' object
2025-09-12 22:46:03,237 - ERROR - Error processing recognition results: cannot pickle '_thread.lock' object
2025-09-12 22:46:03,424 - ERROR - Error processing recognition results: cannot pickle '_thread.lock' object
2025-09-12 22:46:04,070 - ERROR - Error processing recognition results: cannot pickle '_thread.lock' object
2025-09-12 22:46:04,281 - ERROR - Error processing recognition results: cannot pickle '_thread.lock' object
2025-09-12 22:46:04,494 - ERROR - Error processing recognition results: cannot pickle '_thread.lock' object
2025-09-12 22:46:04,725 - ERROR - Error processing recognition results: cannot pickle '_thread.lock' object
2025-09-12 22:46:04,939 - ERROR - Error processing recognition results: cannot pickle '_thread.lock' object
2025-09-12 22:46:05,152 - ERROR - Error processing recognition results: cannot pickle '_thread.lock' object
2025-09-12 22:46:05,838 - ERROR - Error processing recognition results: cannot pickle '_thread.lock' object
2025-09-12 22:46:06,050 - ERROR - Error processing recognition results: cannot pickle '_thread.lock' object
2025-09-12 22:46:06,762 - ERROR - Error processing recognition results: cannot pickle '_thread.lock' object
2025-09-12 22:46:06,989 - ERROR - Error processing recognition results: cannot pickle '_thread.lock' object
2025-09-12 22:46:07,185 - ERROR - Error processing recognition results: cannot pickle '_thread.lock' object
2025-09-12 22:46:07,444 - ERROR - Error processing recognition results: cannot pickle '_thread.lock' object
2025-09-12 22:46:08,114 - ERROR - Error processing recognition results: cannot pickle '_thread.lock' object
2025-09-12 22:46:08,327 - ERROR - Error processing recognition results: cannot pickle '_thread.lock' object
2025-09-12 22:46:08,542 - ERROR - Error processing recognition results: cannot pickle '_thread.lock' object
2025-09-12 22:46:08,756 - ERROR - Error processing recognition results: cannot pickle '_thread.lock' object
2025-09-12 22:46:09,262 - ERROR - Error processing recognition results: cannot pickle '_thread.lock' object
2025-09-12 22:46:09,476 - ERROR - Error processing recognition results: cannot pickle '_thread.lock' object
2025-09-12 22:46:09,698 - ERROR - Error processing recognition results: cannot pickle '_thread.lock' object
2025-09-12 22:46:09,923 - ERROR - Error processing recognition results: cannot pickle '_thread.lock' object
2025-09-12 22:46:10,138 - ERROR - Error processing recognition results: cannot pickle '_thread.lock' object
2025-09-12 22:46:10,713 - ERROR - Error processing recognition results: cannot pickle '_thread.lock' object
2025-09-12 22:46:10,905 - ERROR - Error processing recognition results: cannot pickle '_thread.lock' object
2025-09-12 22:46:11,095 - ERROR - Error processing recognition results: cannot pickle '_thread.lock' object
2025-09-12 22:46:11,286 - ERROR - Error processing recognition results: cannot pickle '_thread.lock' object
2025-09-12 22:46:11,481 - ERROR - Error processing recognition results: cannot pickle '_thread.lock' object
2025-09-12 22:46:11,794 - ERROR - Error processing recognition results: cannot pickle '_thread.lock' object
2025-09-12 22:46:11,986 - ERROR - Error processing recognition results: cannot pickle '_thread.lock' object
2025-09-12 22:46:12,173 - ERROR - Error processing recognition results: cannot pickle '_thread.lock' object
2025-09-12 22:46:12,359 - ERROR - Error processing recognition results: cannot pickle '_thread.lock' object
2025-09-12 22:46:12,571 - ERROR - Error processing recognition results: cannot pickle '_thread.lock' object
2025-09-12 22:46:12,764 - ERROR - Error processing recognition results: cannot pickle '_thread.lock' object
2025-09-12 22:46:12,975 - ERROR - Error processing recognition results: cannot pickle '_thread.lock' object
2025-09-12 22:46:13,189 - ERROR - Error processing recognition results: cannot pickle '_thread.lock' object
2025-09-12 22:46:13,319 - INFO - Shutdown signal received
2025-09-12 22:46:14,597 - INFO - Cleaning up resources...
2025-09-12 22:46:14,805 - INFO - Cleanup completed
2025-09-12 23:02:18,427 - INFO - Initializing Face Recognition System...
2025-09-12 23:02:18,441 - INFO - Loaded 3 encodings for 2 people
2025-09-12 23:02:24,552 - ERROR - Cannot open camera iheb
2025-09-12 23:02:29,995 - ERROR - Cannot open camera pc
2025-09-12 23:02:29,997 - INFO - Initialized 0 cameras
2025-09-12 23:02:29,998 - WARNING - No cameras initialized - API mode only
2025-09-12 23:02:29,999 - ERROR - Failed to initialize system
2025-09-12 23:02:30,000 - INFO - Cleaning up resources...
2025-09-12 23:02:30,019 - INFO - Cleanup completed
2025-09-12 23:11:42,377 - INFO - Initializing Face Recognition System...
2025-09-12 23:11:42,384 - INFO - Loaded 3 encodings for 2 people
2025-09-12 23:11:43,461 - INFO - Camera wassim initialized successfully
2025-09-12 23:11:48,838 - ERROR - Cannot open camera iheb
2025-09-12 23:11:54,280 - ERROR - Cannot open camera pc
2025-09-12 23:11:54,280 - INFO - Initialized 1 cameras
2025-09-12 23:11:54,281 - INFO - System initialized with 1 cameras
2025-09-12 23:11:54,281 - INFO - Starting face recognition processing...
2025-09-12 23:11:54,281 - INFO - Starting processing with 2 processes
2025-09-12 23:12:22,364 - WARNING - Response: {"message":"studentId and classId are required"}
2025-09-12 23:16:26,460 - INFO - Initializing Face Recognition System...
2025-09-12 23:16:26,461 - INFO - Loaded 3 encodings for 2 people
2025-09-12 23:16:26,579 - INFO - Camera wassim initialized successfully
2025-09-12 23:16:32,132 - ERROR - Cannot open camera iheb
2025-09-12 23:16:37,695 - ERROR - Cannot open camera pc
2025-09-12 23:16:37,696 - INFO - Initialized 1 cameras
2025-09-12 23:16:37,696 - INFO - System initialized with 1 cameras
2025-09-12 23:16:37,696 - INFO - Starting face recognition processing...
2025-09-12 23:16:37,696 - INFO - Starting processing with 2 processes
2025-09-12 23:17:21,666 - WARNING - Response: {"message":"studentId and classId are required"}
2025-09-12 23:18:31,627 - WARNING - [WARNING] Could not retrieve student data for 1111 (status: 500)
2025-09-12 23:18:31,643 - WARNING - [WARNING] Backend returned status 400 for attendance: 1111
2025-09-12 23:18:31,643 - WARNING - Response: {"message":"studentId and classId are required"}
2025-09-12 23:18:31,644 - INFO - [CSV] Attendance logged to CSV: 1111 on exit (confidence: 0.43)
2025-09-12 23:23:13,772 - INFO - Shutdown signal received
2025-09-12 23:23:14,156 - INFO - Cleaning up resources...
2025-09-12 23:23:14,169 - INFO - Cleanup completed
2025-09-12 23:23:33,595 - INFO - Initializing Face Recognition System...
2025-09-12 23:23:33,596 - INFO - Connecting to WebSocket...
2025-09-12 23:23:33,627 - INFO - [WS] Connected to WebSocket: ws://localhost:3001
2025-09-12 23:23:33,629 - INFO - Loaded 3 encodings for 2 people
2025-09-12 23:23:34,043 - INFO - Camera wassim initialized successfully
2025-09-12 23:23:39,479 - ERROR - Cannot open camera iheb
2025-09-12 23:23:45,041 - ERROR - Cannot open camera pc
2025-09-12 23:23:45,041 - INFO - Initialized 1 cameras
2025-09-12 23:23:45,042 - INFO - System initialized with 1 cameras
2025-09-12 23:23:45,042 - INFO - Starting face recognition processing...
2025-09-12 23:23:45,042 - INFO - Starting processing with 2 processes
2025-09-12 23:25:26,950 - WARNING - [WARNING] Could not retrieve student data for 1111 (status: 500)
2025-09-12 23:25:26,950 - INFO - [WS_SUCCESS] Attendance sent via WebSocket: 1111 on exit (confidence: 0.50)
2025-09-12 23:25:26,952 - INFO - [CSV] Attendance logged to CSV: 1111 on exit (confidence: 0.50)
2025-09-12 23:29:42,126 - WARNING - [WARNING] Could not retrieve student data for 1111 (status: 500)
2025-09-12 23:29:42,127 - INFO - [WS_SUCCESS] Attendance sent via WebSocket: 1111 on exit (confidence: 0.46)
2025-09-12 23:29:42,128 - INFO - [CSV] Attendance logged to CSV: 1111 on exit (confidence: 0.46)
2025-09-12 23:35:27,455 - INFO - Shutdown signal received
2025-09-12 23:35:27,630 - INFO - Cleaning up resources...
2025-09-12 23:35:27,633 - INFO - [WS] WebSocket disconnected
2025-09-12 23:35:27,646 - INFO - Cleanup completed
2025-09-12 23:35:58,618 - INFO - Initializing Face Recognition System...
2025-09-12 23:35:58,618 - INFO - Connecting to WebSocket...
2025-09-12 23:35:58,628 - INFO - [WS] Connected to WebSocket: ws://localhost:3001
2025-09-12 23:35:58,633 - INFO - Loaded 3 encodings for 2 people
2025-09-12 23:36:00,607 - INFO - Camera wassim initialized successfully
2025-09-12 23:36:06,147 - ERROR - Cannot open camera iheb
2025-09-12 23:36:11,704 - ERROR - Cannot open camera pc
2025-09-12 23:36:11,706 - INFO - Initialized 1 cameras
2025-09-12 23:36:11,707 - INFO - System initialized with 1 cameras
2025-09-12 23:36:11,707 - INFO - Starting face recognition processing...
2025-09-12 23:36:11,708 - INFO - Starting processing with 2 processes
2025-09-12 23:38:40,172 - INFO - Shutdown signal received
2025-09-12 23:38:40,320 - INFO - Cleaning up resources...
2025-09-12 23:38:40,323 - INFO - [WS] WebSocket disconnected
2025-09-12 23:38:40,333 - INFO - Cleanup completed
2025-09-12 23:38:55,600 - INFO - Initializing Face Recognition System...
2025-09-12 23:38:55,600 - INFO - Connecting to WebSocket...
2025-09-12 23:38:55,608 - INFO - [WS] Connected to WebSocket: ws://localhost:3001
2025-09-12 23:38:55,609 - INFO - Loaded 3 encodings for 2 people
2025-09-12 23:38:57,448 - INFO - Camera wassim initialized successfully
2025-09-12 23:39:03,000 - ERROR - Cannot open camera iheb
2025-09-12 23:39:08,558 - ERROR - Cannot open camera pc
2025-09-12 23:39:08,560 - INFO - Initialized 1 cameras
2025-09-12 23:39:08,562 - INFO - System initialized with 1 cameras and WebSocket connection
2025-09-12 23:39:08,562 - INFO - Starting face recognition processing...
2025-09-12 23:39:08,562 - INFO - Starting processing with 2 processes
2025-09-12 23:42:59,951 - INFO - Initializing Face Recognition System...
2025-09-12 23:42:59,952 - INFO - Connecting to WebSocket...
2025-09-12 23:42:59,952 - INFO - [WS] Attempting to connect to ws://localhost:3001
2025-09-12 23:42:59,961 - INFO - [WS] Successfully connected to WebSocket: ws://localhost:3001
2025-09-12 23:42:59,962 - INFO - [WS] Connection test message sent successfully
2025-09-12 23:42:59,964 - INFO - Loaded 3 encodings for 2 people
2025-09-12 23:42:59,968 - DEBUG - Starting new HTTP connection (1): localhost:3000
2025-09-12 23:42:59,993 - DEBUG - http://localhost:3000 "GET /api/cameras HTTP/1.1" 200 737
2025-09-12 23:43:00,552 - INFO - Camera wassim initialized successfully
2025-09-12 23:43:01,108 - INFO - Shutdown signal received
2025-09-12 23:43:01,311 - INFO - Cleaning up resources...
2025-09-12 23:43:01,314 - INFO - [WS] WebSocket disconnected
2025-09-12 23:43:01,323 - INFO - Cleanup completed
2025-09-12 23:43:06,096 - ERROR - Cannot open camera iheb
2025-09-12 23:43:11,540 - ERROR - Cannot open camera pc
2025-09-12 23:43:11,543 - INFO - Initialized 1 cameras
2025-09-12 23:43:11,544 - INFO - System initialized with 1 cameras and WebSocket connection
2025-09-12 23:43:11,545 - INFO - Starting face recognition processing...
2025-09-12 23:43:11,545 - INFO - Starting processing with 2 processes
2025-09-12 23:44:42,060 - DEBUG - [WS] Ping sent successfully
2025-09-12 23:45:18,014 - INFO - Shutdown signal received
2025-09-12 23:45:18,017 - ERROR - Unexpected error: A child process terminated abruptly, the process pool is not usable anymore
2025-09-12 23:45:18,017 - INFO - Cleaning up resources...
2025-09-12 23:45:18,019 - INFO - [WS] WebSocket disconnected
2025-09-12 23:45:18,024 - INFO - Cleanup completed
2025-09-12 23:46:18,468 - INFO - Initializing Face Recognition System...
2025-09-12 23:46:18,469 - INFO - Connecting to WebSocket...
2025-09-12 23:46:18,469 - INFO - [WS] Attempting to connect to ws://localhost:3001
2025-09-12 23:46:18,479 - INFO - [WS] Successfully connected to WebSocket: ws://localhost:3001
2025-09-12 23:46:18,479 - INFO - [WS] Connection test message sent successfully
2025-09-12 23:46:18,480 - INFO - Loaded 3 encodings for 2 people
2025-09-12 23:46:18,482 - DEBUG - Starting new HTTP connection (1): localhost:3000
2025-09-12 23:46:18,495 - DEBUG - http://localhost:3000 "GET /api/cameras HTTP/1.1" 200 737
2025-09-12 23:46:18,962 - INFO - Camera wassim initialized successfully
2025-09-12 23:46:24,520 - ERROR - Cannot open camera iheb
2025-09-12 23:46:30,070 - ERROR - Cannot open camera pc
2025-09-12 23:46:30,072 - INFO - Initialized 1 cameras
2025-09-12 23:46:30,074 - INFO - System initialized with 1 cameras and WebSocket connection
2025-09-12 23:46:30,075 - INFO - Starting face recognition processing...
2025-09-12 23:46:30,075 - INFO - Starting processing with 2 processes
2025-09-12 23:47:52,911 - DEBUG - [WS] Ping sent successfully
2025-09-12 23:49:14,187 - DEBUG - [WS] Ping sent successfully
2025-09-12 23:50:31,784 - DEBUG - [WS] Ping sent successfully
2025-09-12 23:50:54,146 - INFO - Shutdown signal received
2025-09-12 23:50:54,290 - INFO - Cleaning up resources...
2025-09-12 23:50:54,292 - INFO - [WS] WebSocket disconnected
2025-09-12 23:50:54,299 - INFO - Cleanup completed
2025-09-12 23:51:10,678 - INFO - Initializing Face Recognition System...
2025-09-12 23:51:10,679 - INFO - Connecting to WebSocket...
2025-09-12 23:51:10,679 - INFO - [WS] Attempting to connect to ws://localhost:3001
2025-09-12 23:51:10,689 - INFO - [WS] Successfully connected to WebSocket: ws://localhost:3001
2025-09-12 23:51:10,689 - INFO - [WS] Connection test message sent successfully
2025-09-12 23:51:10,690 - INFO - Loaded 3 encodings for 2 people
2025-09-12 23:51:10,692 - DEBUG - Starting new HTTP connection (1): localhost:3000
2025-09-12 23:51:10,709 - DEBUG - http://localhost:3000 "GET /api/cameras HTTP/1.1" 200 737
2025-09-12 23:51:11,101 - INFO - Camera wassim initialized successfully
2025-09-12 23:51:16,542 - ERROR - Cannot open camera iheb
2025-09-12 23:51:22,106 - ERROR - Cannot open camera pc
2025-09-12 23:51:22,107 - INFO - Initialized 1 cameras
2025-09-12 23:51:22,107 - INFO - System initialized with 1 cameras and WebSocket connection
2025-09-12 23:51:22,107 - INFO - Starting face recognition processing...
2025-09-12 23:51:22,108 - INFO - Starting processing with 2 processes
2025-09-12 23:53:00,908 - INFO - Shutdown signal received
2025-09-12 23:53:01,039 - INFO - Cleaning up resources...
2025-09-12 23:53:01,040 - INFO - [WS] WebSocket disconnected
2025-09-12 23:53:01,043 - INFO - Cleanup completed
2025-09-12 23:53:12,802 - INFO - Initializing Face Recognition System...
2025-09-12 23:53:12,803 - INFO - Connecting to WebSocket...
2025-09-12 23:53:12,803 - INFO - [WS] Attempting to connect to ws://localhost:3001
2025-09-12 23:53:12,819 - INFO - [WS] Successfully connected to WebSocket: ws://localhost:3001
2025-09-12 23:53:12,820 - INFO - [WS] Connection test message sent successfully
2025-09-12 23:53:12,821 - INFO - Loaded 3 encodings for 2 people
2025-09-12 23:53:12,824 - DEBUG - Starting new HTTP connection (1): localhost:3000
2025-09-12 23:53:12,856 - DEBUG - http://localhost:3000 "GET /api/cameras HTTP/1.1" 200 737
2025-09-12 23:53:18,413 - ERROR - Cannot open camera iheb
2025-09-12 23:53:19,133 - INFO - Camera wassim initialized successfully
2025-09-12 23:53:24,675 - ERROR - Cannot open camera pc
2025-09-12 23:53:24,677 - INFO - Initialized 1 cameras
2025-09-12 23:53:24,679 - INFO - System initialized with 1 cameras and WebSocket connection
2025-09-12 23:53:24,679 - INFO - Starting face recognition processing...
2025-09-12 23:53:24,680 - INFO - Starting processing with 2 processes
2025-09-12 23:53:55,689 - DEBUG - Starting new HTTP connection (1): localhost:3000
2025-09-12 23:53:55,717 - DEBUG - http://localhost:3000 "GET /api/students/1111 HTTP/1.1" 500 106
2025-09-12 23:53:55,717 - WARNING - [WARNING] Could not retrieve student data for 1111 (status: 500)
2025-09-12 23:53:55,717 - DEBUG - [WS] Attempting to send attendance message
2025-09-12 23:53:55,717 - DEBUG - [WS] Sending attendance: {"type": "attendance", "data": {"studentId": "1111", "cameraType": "exit", "confidence": 0.415450231...
2025-09-12 23:53:55,718 - INFO - [WS] Successfully sent attendance message
2025-09-12 23:53:55,718 - INFO - [WS_SUCCESS] Attendance sent via WebSocket: 1111 on exit (confidence: 0.42)
2025-09-12 23:53:55,719 - INFO - [CSV] Attendance logged to CSV: 1111 on exit (confidence: 0.42)
2025-09-12 23:56:22,221 - INFO - Shutdown signal received
2025-09-12 23:56:22,384 - INFO - Cleaning up resources...
2025-09-12 23:56:22,387 - INFO - [WS] WebSocket disconnected
2025-09-12 23:56:22,399 - INFO - Cleanup completed
2025-09-12 23:56:29,326 - INFO - Initializing Face Recognition System...
2025-09-12 23:56:29,327 - INFO - Connecting to WebSocket...
2025-09-12 23:56:29,327 - INFO - [WS] Attempting to connect to ws://localhost:3001
2025-09-12 23:56:29,337 - INFO - [WS] Successfully connected to WebSocket: ws://localhost:3001
2025-09-12 23:56:29,338 - INFO - [WS] Connection test message sent successfully
2025-09-12 23:56:29,340 - INFO - Loaded 3 encodings for 2 people
2025-09-12 23:56:29,344 - DEBUG - Starting new HTTP connection (1): localhost:3000
2025-09-12 23:56:29,366 - DEBUG - http://localhost:3000 "GET /api/cameras HTTP/1.1" 200 737
2025-09-12 23:56:30,373 - INFO - Camera wassim initialized successfully
2025-09-12 23:56:35,911 - ERROR - Cannot open camera iheb
2025-09-12 23:56:41,470 - ERROR - Cannot open camera pc
2025-09-12 23:56:41,471 - INFO - Initialized 1 cameras
2025-09-12 23:56:41,472 - INFO - System initialized with 1 cameras and WebSocket connection
2025-09-12 23:56:41,472 - INFO - Starting face recognition processing...
2025-09-12 23:56:41,473 - INFO - Starting processing with 2 processes
2025-09-12 23:59:56,424 - DEBUG - Starting new HTTP connection (1): localhost:3000
2025-09-12 23:59:56,447 - DEBUG - http://localhost:3000 "GET /api/students/1111 HTTP/1.1" 500 106
2025-09-12 23:59:56,448 - WARNING - [WARNING] Could not retrieve student data for 1111 (status: 500)
2025-09-12 23:59:56,448 - DEBUG - [WS] Attempting to send attendance message
2025-09-12 23:59:56,448 - DEBUG - [WS] Sending attendance: {"studentId": "1111", "cameraType": "exit", "confidence": 0.6233138913992613, "timestamp": "2025-09-...
2025-09-12 23:59:56,449 - INFO - [WS] Successfully sent attendance message
2025-09-12 23:59:56,449 - INFO - [WS_SUCCESS] Attendance sent via WebSocket: 1111 on exit (confidence: 0.62)
2025-09-12 23:59:56,450 - INFO - [CSV] Attendance logged to CSV: 1111 on exit (confidence: 0.62)
2025-09-13 00:01:41,481 - DEBUG - [WS_HEALTH] Performing periodic health check...
2025-09-13 00:01:41,481 - DEBUG - [WS] Ping sent successfully
2025-09-13 00:02:55,066 - INFO - Shutdown signal received
2025-09-13 00:02:55,186 - INFO - Cleaning up resources...
2025-09-13 00:02:55,189 - INFO - [WS] WebSocket disconnected
2025-09-13 00:02:55,193 - INFO - Cleanup completed
