{"level":"info","message":"Express server running on port 3000","timestamp":"2025-08-12T15:22:18.359Z"}
{"level":"info","message":"Connected to MongoDB","timestamp":"2025-08-12T15:22:18.391Z"}
{"clientIp":"::1","level":"info","message":"WebSocket client connected","timestamp":"2025-08-12T15:29:27.784Z"}
{"clientIp":"::1","level":"debug","message":"Received attendance data","studentId":"11139332","timestamp":"2025-08-12 16:29"}
{"clientIp":"::1","currentTime":"17:29","dayOfWeek":"Tuesday","level":"error","message":"No active schedule found","timestamp":"2025-08-12 16:29"}
{"clientIp":"::1","level":"info","message":"WebSocket client disconnected","timestamp":"2025-08-12T15:29:59.931Z"}
{"clientIp":"::1","level":"info","message":"WebSocket client connected","timestamp":"2025-08-12T15:31:59.441Z"}
{"clientIp":"::1","level":"debug","message":"Received attendance data","studentId":"11139332","timestamp":"2025-08-12 16:32"}
{"clientIp":"::1","currentTime":"17:32","dayOfWeek":"Tuesday","level":"error","message":"No active schedule found","timestamp":"2025-08-12 16:32"}
{"clientIp":"::1","level":"debug","message":"Received attendance data","studentId":"11139332","timestamp":"2025-08-12 16:35"}
{"clientIp":"::1","currentTime":"17:35","dayOfWeek":"Tuesday","level":"error","message":"No active schedule found","timestamp":"2025-08-12 16:35"}
{"clientIp":"::1","level":"debug","message":"Received attendance data","studentId":"11139332","timestamp":"2025-08-12 16:36"}
{"clientIp":"::1","currentTime":"17:36","dayOfWeek":"Tuesday","level":"error","message":"No active schedule found","timestamp":"2025-08-12 16:36"}
{"clientIp":"::1","level":"debug","message":"Received attendance data","studentId":"11139332","timestamp":"2025-08-12 16:37"}
{"classId":"6895c078b2e1514f6a0c41a9","clientIp":"::1","level":"info","message":"Attendance recorded","scheduleId":"689b521f3453075e723107cf","studentId":"11139332","timestamp":"2025-08-12 16:37"}
{"clientIp":"::1","level":"debug","message":"Received attendance data","studentId":"11139332","timestamp":"2025-08-12 16:37"}
{"clientIp":"::1","level":"warn","message":"Duplicate attendance detected","scheduleId":"689b521f3453075e723107cf","studentId":"11139332","timestamp":"2025-08-12 16:37"}
{"clientIp":"::1","level":"debug","message":"Received attendance data","studentId":"11139332","timestamp":"2025-08-12 16:38"}
{"clientIp":"::1","level":"warn","message":"Duplicate attendance detected","scheduleId":"689b521f3453075e723107cf","studentId":"11139332","timestamp":"2025-08-12 16:38"}
{"clientIp":"::1","level":"debug","message":"Received attendance data","studentId":"11139332","timestamp":"2025-08-12 16:39"}
{"clientIp":"::1","level":"warn","message":"Duplicate attendance detected","scheduleId":"689b521f3453075e723107cf","studentId":"11139332","timestamp":"2025-08-12 16:39"}
{"clientIp":"::1","level":"info","message":"WebSocket client disconnected","timestamp":"2025-08-12T15:40:04.883Z"}
{"level":"info","message":"Express server running on port 3000","timestamp":"2025-08-12T15:58:28.926Z"}
{"level":"info","message":"Connected to MongoDB","timestamp":"2025-08-12T15:58:28.941Z"}
{"level":"info","message":"Express server running on port 3000","timestamp":"2025-08-12T23:37:52.075Z"}
{"level":"info","message":"Connected to MongoDB","timestamp":"2025-08-12T23:37:52.112Z"}
{"level":"info","message":"Express server running on port 3000","timestamp":"2025-08-13T14:41:44.954Z"}
{"level":"info","message":"Connected to MongoDB","timestamp":"2025-08-13T14:41:44.982Z"}
{"clientIp":"::1","level":"info","message":"WebSocket client connected","timestamp":"2025-08-13T14:48:15.170Z"}
{"clientIp":"::1","level":"debug","message":"Received attendance data","studentId":"11139332","timestamp":"2025-08-13 15:48"}
{"clientIp":"::1","currentTime":"16:48","dayOfWeek":"Wednesday","level":"error","message":"No active schedule found","timestamp":"2025-08-13 15:48"}
{"clientIp":"::1","level":"debug","message":"Received attendance data","studentId":"11139332","timestamp":"2025-08-13 15:48"}
{"clientIp":"::1","currentTime":"16:48","dayOfWeek":"Wednesday","level":"error","message":"No active schedule found","timestamp":"2025-08-13 15:48"}
{"clientIp":"::1","level":"info","message":"WebSocket client disconnected","timestamp":"2025-08-13T14:50:19.640Z"}
{"level":"info","message":"Express server running on port 3000","timestamp":"2025-08-13T19:07:03.154Z"}
{"level":"info","message":"Connected to MongoDB","timestamp":"2025-08-13T19:07:03.212Z"}
{"level":"info","message":"Express server running on port 3000","timestamp":"2025-08-13T20:55:08.967Z"}
{"level":"info","message":"Connected to MongoDB","timestamp":"2025-08-13T20:55:08.991Z"}
{"level":"info","message":"Express server running on port 3000","timestamp":"2025-08-13T21:01:42.914Z"}
{"level":"info","message":"Connected to MongoDB","timestamp":"2025-08-13T21:01:42.933Z"}
{"level":"info","message":"Express server running on port 3000","timestamp":"2025-08-13T21:06:07.152Z"}
{"level":"info","message":"Connected to MongoDB","timestamp":"2025-08-13T21:06:07.169Z"}
{"level":"info","message":"Express server running on port 3000","timestamp":"2025-08-13T21:09:26.910Z"}
{"level":"info","message":"Connected to MongoDB","timestamp":"2025-08-13T21:09:26.932Z"}
{"level":"info","message":"Express server running on port 3000","timestamp":"2025-08-13T21:12:53.352Z"}
{"level":"info","message":"Connected to MongoDB","timestamp":"2025-08-13T21:12:53.387Z"}
{"level":"info","message":"Express server running on port 3000","timestamp":"2025-08-13T21:16:59.130Z"}
{"level":"info","message":"Connected to MongoDB","timestamp":"2025-08-13T21:16:59.153Z"}
{"level":"info","message":"Express server running on port 3000","timestamp":"2025-08-13T21:20:56.208Z"}
{"level":"info","message":"Connected to MongoDB","timestamp":"2025-08-13T21:20:56.225Z"}
{"clientIp":"::1","level":"info","message":"WebSocket client connected","timestamp":"2025-08-13T22:16:38.141Z"}
{"clientIp":"::1","level":"debug","message":"Received attendance data","studentId":"11139332","timestamp":"2025-08-13 23:16"}
{"clientIp":"::1","currentTime":"00:16","dayOfWeek":"Thursday","level":"error","message":"No active schedule found","timestamp":"2025-08-13 23:16"}
{"clientIp":"::1","level":"info","message":"WebSocket client disconnected","timestamp":"2025-08-13T22:18:27.513Z"}
{"level":"info","message":"Express server running on port 3000","timestamp":"2025-08-14T14:29:19.366Z"}
{"level":"info","message":"Connected to MongoDB","timestamp":"2025-08-14T14:29:19.392Z"}
{"level":"info","message":"Express server running on port 3000","timestamp":"2025-08-14T14:38:06.498Z"}
{"level":"info","message":"Connected to MongoDB","timestamp":"2025-08-14T14:38:06.514Z"}
{"level":"info","message":"Express server running on port 3000","timestamp":"2025-08-14T14:40:02.162Z"}
{"level":"info","message":"Connected to MongoDB","timestamp":"2025-08-14T14:40:02.178Z"}
{"level":"info","message":"Express server running on port 3000","timestamp":"2025-08-14T14:50:35.685Z"}
{"level":"info","message":"Connected to MongoDB","timestamp":"2025-08-14T14:50:35.704Z"}
{"level":"info","message":"Express server running on port 3000","timestamp":"2025-08-14T14:55:56.245Z"}
{"level":"info","message":"Connected to MongoDB","timestamp":"2025-08-14T14:55:56.262Z"}
{"level":"info","message":"Express server running on port 3000","timestamp":"2025-08-14T15:03:30.440Z"}
{"level":"info","message":"Connected to MongoDB","timestamp":"2025-08-14T15:03:30.456Z"}
{"level":"info","message":"Express server running on port 3000","timestamp":"2025-08-14T15:12:28.727Z"}
{"level":"info","message":"Connected to MongoDB","timestamp":"2025-08-14T15:12:28.746Z"}
{"level":"info","message":"Express server running on port 3000","timestamp":"2025-08-15T15:23:14.059Z"}
{"level":"info","message":"Connected to MongoDB","timestamp":"2025-08-15T15:23:14.092Z"}
{"clientIp":"::1","level":"info","message":"WebSocket client connected","timestamp":"2025-08-15T15:23:51.020Z"}
{"clientIp":"::1","level":"debug","message":"Received attendance data","studentId":"11139332","timestamp":"2025-08-15 16:23"}
{"classId":"6895c078b2e1514f6a0c41a9","clientIp":"::1","level":"debug","message":"Retrieved classId from student","studentId":"11139332","timestamp":"2025-08-15T15:23:59.265Z"}
{"classId":"6895c078b2e1514f6a0c41a9","clientIp":"::1","level":"info","message":"Attendance recorded","studentId":"11139332","timestamp":"2025-08-15 16:23"}
{"clientIp":"::1","level":"info","message":"WebSocket client disconnected","timestamp":"2025-08-15T15:24:03.303Z"}
{"level":"info","message":"Express server running on port 3000","timestamp":"2025-08-15T16:48:02.246Z"}
{"level":"info","message":"Connected to MongoDB","timestamp":"2025-08-15T16:48:02.263Z"}
{"clientIp":"::1","level":"info","message":"WebSocket client connected","timestamp":"2025-08-15T16:54:23.156Z"}
{"clientIp":"::1","level":"debug","message":"Received attendance data","studentId":"11139332","timestamp":"2025-08-15 17:54"}
{"classId":"6895c078b2e1514f6a0c41a9","clientIp":"::1","level":"debug","message":"Retrieved classId from student","studentId":"11139332","timestamp":"2025-08-15T16:54:32.842Z"}
{"classId":"6895c078b2e1514f6a0c41a9","clientIp":"::1","existingAttendanceId":"689f510faff6980d55ad7c6a","level":"warn","message":"Duplicate attendance detected","studentId":"11139332","timestamp":"2025-08-15 17:54"}
{"clientIp":"::1","level":"debug","message":"Received attendance data","studentId":"11139332","timestamp":"2025-08-15 17:55"}
{"classId":"6895c078b2e1514f6a0c41a9","clientIp":"::1","level":"debug","message":"Retrieved classId from student","studentId":"11139332","timestamp":"2025-08-15T16:55:04.052Z"}
{"classId":"6895c078b2e1514f6a0c41a9","clientIp":"::1","existingAttendanceId":"689f510faff6980d55ad7c6a","level":"warn","message":"Duplicate attendance detected","studentId":"11139332","timestamp":"2025-08-15 17:55"}
{"clientIp":"::1","level":"info","message":"WebSocket client disconnected","timestamp":"2025-08-15T16:55:17.861Z"}
{"clientIp":"::1","level":"info","message":"WebSocket client connected","timestamp":"2025-08-15T16:59:45.654Z"}
{"clientIp":"::1","level":"debug","message":"Received attendance data","studentId":"11139332","timestamp":"2025-08-15 17:59"}
{"classId":"6895c078b2e1514f6a0c41a9","clientIp":"::1","level":"debug","message":"Retrieved classId from student","studentId":"11139332","timestamp":"2025-08-15T16:59:56.604Z"}
{"classId":"6895c078b2e1514f6a0c41a9","clientIp":"::1","existingAttendanceId":"689f510faff6980d55ad7c6a","level":"warn","message":"Duplicate attendance detected","studentId":"11139332","timestamp":"2025-08-15 17:59"}
{"clientIp":"::1","level":"info","message":"WebSocket client disconnected","timestamp":"2025-08-15T17:00:14.874Z"}
{"clientIp":"::1","level":"info","message":"WebSocket client connected","timestamp":"2025-08-15T17:03:16.530Z"}
{"clientIp":"::1","level":"debug","message":"Received attendance data","studentId":"12345","timestamp":"2025-08-15 18:03"}
{"classId":"689df90aef0e930fbf45da1e","clientIp":"::1","level":"debug","message":"Retrieved classId from student","studentId":"12345","timestamp":"2025-08-15T17:03:18.869Z"}
{"classId":"689df90aef0e930fbf45da1e","clientIp":"::1","level":"info","message":"Attendance recorded","studentId":"12345","timestamp":"2025-08-15 18:03"}
{"clientIp":"::1","level":"debug","message":"Received attendance data","studentId":"12345","timestamp":"2025-08-15 18:03"}
{"classId":"689df90aef0e930fbf45da1e","clientIp":"::1","level":"debug","message":"Retrieved classId from student","studentId":"12345","timestamp":"2025-08-15T17:03:51.699Z"}
{"classId":"689df90aef0e930fbf45da1e","clientIp":"::1","existingAttendanceId":"689f685695ea5152dd5bca01","level":"warn","message":"Duplicate attendance detected","studentId":"12345","timestamp":"2025-08-15 18:03"}
{"clientIp":"::1","level":"info","message":"WebSocket client disconnected","timestamp":"2025-08-15T17:04:38.405Z"}
{"level":"info","message":"Express server running on port 3000","timestamp":"2025-08-15T17:54:57.063Z"}
{"level":"info","message":"Connected to MongoDB","timestamp":"2025-08-15T17:54:57.091Z"}
{"clientIp":"::1","level":"info","message":"WebSocket client connected","timestamp":"2025-08-15T17:55:33.301Z"}
{"clientIp":"::1","level":"debug","message":"Received attendance data","studentId":"12345","timestamp":"2025-08-15 18:55"}
{"classId":"689df90aef0e930fbf45da1e","clientIp":"::1","level":"debug","message":"Retrieved classId from student","studentId":"12345","timestamp":"2025-08-15T17:55:37.945Z"}
{"classId":"689df90aef0e930fbf45da1e","clientIp":"::1","level":"info","message":"Attendance recorded","studentId":"12345","timestamp":"2025-08-15 18:55"}
{"clientIp":"::1","level":"info","message":"WebSocket client disconnected","timestamp":"2025-08-15T17:56:05.258Z"}
{"level":"info","message":"Express server running on port 3000","timestamp":"2025-08-15T18:05:26.383Z"}
{"level":"info","message":"Connected to MongoDB","timestamp":"2025-08-15T18:05:26.407Z"}
{"clientIp":"::1","level":"info","message":"WebSocket client connected","timestamp":"2025-08-15T18:05:56.254Z"}
{"clientIp":"::1","level":"debug","message":"Received attendance data","studentId":"12345","timestamp":"2025-08-15 19:05"}
{"classId":"689df90aef0e930fbf45da1e","clientIp":"::1","level":"debug","message":"Retrieved classId from student","studentId":"12345","timestamp":"2025-08-15T18:05:57.346Z"}
{"classId":"689df90aef0e930fbf45da1e","clientIp":"::1","level":"info","message":"Attendance recorded","studentId":"12345","timestamp":"2025-08-15 19:05"}
{"clientIp":"::1","level":"info","message":"WebSocket client disconnected","timestamp":"2025-08-15T18:06:12.574Z"}
{"clientIp":"::1","level":"info","message":"WebSocket client connected","timestamp":"2025-08-15T18:08:02.999Z"}
{"clientIp":"::1","level":"debug","message":"Received attendance data","studentId":"12345","timestamp":"2025-08-15 19:08"}
{"classId":"689df90aef0e930fbf45da1e","clientIp":"::1","level":"debug","message":"Retrieved classId from student","studentId":"12345","timestamp":"2025-08-15T18:08:05.370Z"}
{"classId":"689df90aef0e930fbf45da1e","clientIp":"::1","existingAttendanceId":"689f77053a56d56b4380dd92","level":"warn","message":"Duplicate attendance detected","studentId":"12345","timestamp":"2025-08-15 19:08"}
{"level":"info","message":"Express server running on port 3000","timestamp":"2025-08-15T18:08:17.807Z"}
{"level":"info","message":"Connected to MongoDB","timestamp":"2025-08-15T18:08:17.829Z"}
{"clientIp":"::1","level":"info","message":"WebSocket client connected","timestamp":"2025-08-15T18:08:49.672Z"}
{"clientIp":"::1","level":"debug","message":"Received attendance data","studentId":"12345","timestamp":"2025-08-15 19:08"}
{"classId":"689df90aef0e930fbf45da1e","clientIp":"::1","level":"debug","message":"Retrieved classId from student","studentId":"12345","timestamp":"2025-08-15T18:08:51.252Z"}
{"classId":"689df90aef0e930fbf45da1e","clientIp":"::1","level":"info","message":"Attendance recorded","studentId":"12345","timestamp":"2025-08-15 19:08"}
{"clientIp":"::1","level":"info","message":"WebSocket client disconnected","timestamp":"2025-08-15T18:09:05.253Z"}
{"level":"info","message":"Express server running on port 3000","timestamp":"2025-08-18T11:45:07.211Z"}
{"level":"info","message":"Connected to MongoDB","timestamp":"2025-08-18T11:45:07.331Z"}
{"clientIp":"::1","level":"info","message":"WebSocket client connected","timestamp":"2025-08-18T11:46:09.568Z"}
{"clientIp":"::1","level":"debug","message":"Received attendance data","studentId":"12345","timestamp":"2025-08-18 12:46"}
{"classId":"689df90aef0e930fbf45da1e","clientIp":"::1","level":"debug","message":"Retrieved classId from student","studentId":"12345","timestamp":"2025-08-18T11:46:12.149Z"}
{"classId":"689df90aef0e930fbf45da1e","clientIp":"::1","level":"info","message":"Attendance recorded","studentId":"12345","timestamp":"2025-08-18 12:46"}
{"clientIp":"::1","level":"debug","message":"Received attendance data","studentId":"12345","timestamp":"2025-08-18 12:46"}
{"classId":"689df90aef0e930fbf45da1e","clientIp":"::1","level":"debug","message":"Retrieved classId from student","studentId":"12345","timestamp":"2025-08-18T11:46:51.973Z"}
{"classId":"689df90aef0e930fbf45da1e","clientIp":"::1","level":"info","message":"Attendance recorded","studentId":"12345","timestamp":"2025-08-18 12:46"}
{"clientIp":"::1","level":"debug","message":"Received attendance data","studentId":"12345","timestamp":"2025-08-18 12:47"}
{"classId":"689df90aef0e930fbf45da1e","clientIp":"::1","level":"debug","message":"Retrieved classId from student","studentId":"12345","timestamp":"2025-08-18T11:47:23.269Z"}
{"classId":"689df90aef0e930fbf45da1e","clientIp":"::1","level":"info","message":"Attendance recorded","studentId":"12345","timestamp":"2025-08-18 12:47"}
{"clientIp":"::1","level":"info","message":"WebSocket client disconnected","timestamp":"2025-08-18T11:47:26.589Z"}
{"clientIp":"::1","level":"info","message":"WebSocket client connected","timestamp":"2025-08-18T12:39:18.267Z"}
{"clientIp":"::1","level":"info","message":"WebSocket client disconnected","timestamp":"2025-08-18T12:39:28.286Z"}
{"clientIp":"::1","level":"info","message":"WebSocket client connected","timestamp":"2025-08-18T12:43:26.205Z"}
{"clientIp":"::1","level":"info","message":"WebSocket client disconnected","timestamp":"2025-08-18T12:43:26.411Z"}
{"clientIp":"::1","level":"info","message":"WebSocket client connected","timestamp":"2025-08-18T13:15:51.709Z"}
{"clientIp":"::1","level":"info","message":"WebSocket client disconnected","timestamp":"2025-08-18T13:15:52.401Z"}
{"clientIp":"::1","level":"info","message":"WebSocket client connected","timestamp":"2025-08-18T13:29:25.091Z"}
{"clientIp":"::1","level":"info","message":"WebSocket client disconnected","timestamp":"2025-08-18T13:29:25.938Z"}
{"clientIp":"::1","level":"info","message":"WebSocket client connected","timestamp":"2025-08-18T14:39:18.965Z"}
{"clientIp":"::1","level":"info","message":"WebSocket client disconnected","timestamp":"2025-08-18T14:39:19.710Z"}
{"clientIp":"::1","level":"info","message":"WebSocket client connected","timestamp":"2025-08-18T14:48:01.699Z"}
{"clientIp":"::1","level":"info","message":"WebSocket client disconnected","timestamp":"2025-08-18T14:48:02.090Z"}
{"clientIp":"::1","level":"info","message":"WebSocket client connected","timestamp":"2025-08-18T14:58:14.261Z"}
{"clientIp":"::1","level":"info","message":"WebSocket client disconnected","timestamp":"2025-08-18T15:00:24.782Z"}
{"clientIp":"::1","level":"info","message":"WebSocket client connected","timestamp":"2025-08-18T15:01:54.527Z"}
{"clientIp":"::1","level":"info","message":"WebSocket client disconnected","timestamp":"2025-08-18T15:01:55.194Z"}
{"clientIp":"::1","level":"info","message":"WebSocket client connected","timestamp":"2025-08-18T15:03:01.404Z"}
{"clientIp":"::1","level":"info","message":"WebSocket client disconnected","timestamp":"2025-08-18T15:03:03.385Z"}
{"level":"info","message":"Express server running on port 3000","timestamp":"2025-08-18T17:27:39.954Z"}
{"level":"info","message":"Connected to MongoDB","timestamp":"2025-08-18T17:27:40.008Z"}
{"clientIp":"::1","level":"info","message":"WebSocket client connected","timestamp":"2025-08-18T17:28:47.356Z"}
{"clientIp":"::1","level":"info","message":"WebSocket client disconnected","timestamp":"2025-08-18T17:28:53.313Z"}
{"clientIp":"::1","level":"info","message":"WebSocket client connected","timestamp":"2025-08-18T17:33:49.477Z"}
{"clientIp":"::1","level":"info","message":"WebSocket client disconnected","timestamp":"2025-08-18T17:33:50.250Z"}
{"clientIp":"::1","level":"info","message":"WebSocket client connected","timestamp":"2025-08-18T17:36:27.948Z"}
{"clientIp":"::1","level":"info","message":"WebSocket client disconnected","timestamp":"2025-08-18T17:36:28.406Z"}
{"clientIp":"::1","level":"info","message":"WebSocket client connected","timestamp":"2025-08-18T17:39:40.862Z"}
{"clientIp":"::1","level":"info","message":"WebSocket client disconnected","timestamp":"2025-08-18T17:39:42.332Z"}
{"clientIp":"::1","level":"info","message":"WebSocket client connected","timestamp":"2025-08-18T17:49:51.109Z"}
{"clientIp":"::1","level":"info","message":"WebSocket client disconnected","timestamp":"2025-08-18T17:49:51.723Z"}
{"clientIp":"::1","level":"info","message":"WebSocket client connected","timestamp":"2025-08-18T17:53:23.654Z"}
{"clientIp":"::1","level":"info","message":"WebSocket client disconnected","timestamp":"2025-08-18T17:53:24.479Z"}
{"clientIp":"::1","level":"info","message":"WebSocket client connected","timestamp":"2025-08-18T18:05:11.344Z"}
{"clientIp":"::1","level":"debug","message":"Received attendance data","studentId":"12345","timestamp":"2025-08-18 19:05"}
{"classId":"689df90aef0e930fbf45da1e","clientIp":"::1","level":"debug","message":"Retrieved classId from student","studentId":"12345","timestamp":"2025-08-18T18:05:41.841Z"}
{"classId":"689df90aef0e930fbf45da1e","clientIp":"::1","level":"info","message":"Attendance recorded","studentId":"12345","timestamp":"2025-08-18 19:05"}
{"clientIp":"::1","level":"debug","message":"Received attendance data","studentId":"12345","timestamp":"2025-08-18 19:05"}
{"classId":"689df90aef0e930fbf45da1e","clientIp":"::1","level":"debug","message":"Retrieved classId from student","studentId":"12345","timestamp":"2025-08-18T18:05:42.281Z"}
{"classId":"689df90aef0e930fbf45da1e","clientIp":"::1","level":"info","message":"Attendance recorded","studentId":"12345","timestamp":"2025-08-18 19:05"}
{"clientIp":"::1","level":"debug","message":"Received attendance data","studentId":"12345","timestamp":"2025-08-18 19:05"}
{"classId":"689df90aef0e930fbf45da1e","clientIp":"::1","level":"debug","message":"Retrieved classId from student","studentId":"12345","timestamp":"2025-08-18T18:05:42.958Z"}
{"classId":"689df90aef0e930fbf45da1e","clientIp":"::1","level":"info","message":"Attendance recorded","studentId":"12345","timestamp":"2025-08-18 19:05"}
{"clientIp":"::1","level":"debug","message":"Received attendance data","studentId":"12345","timestamp":"2025-08-18 19:05"}
{"classId":"689df90aef0e930fbf45da1e","clientIp":"::1","level":"debug","message":"Retrieved classId from student","studentId":"12345","timestamp":"2025-08-18T18:05:43.370Z"}
{"classId":"689df90aef0e930fbf45da1e","clientIp":"::1","level":"info","message":"Attendance recorded","studentId":"12345","timestamp":"2025-08-18 19:05"}
{"clientIp":"::1","level":"debug","message":"Received attendance data","studentId":"12345","timestamp":"2025-08-18 19:05"}
{"classId":"689df90aef0e930fbf45da1e","clientIp":"::1","level":"debug","message":"Retrieved classId from student","studentId":"12345","timestamp":"2025-08-18T18:05:44.032Z"}
{"classId":"689df90aef0e930fbf45da1e","clientIp":"::1","level":"info","message":"Attendance recorded","studentId":"12345","timestamp":"2025-08-18 19:05"}
{"clientIp":"::1","level":"debug","message":"Received attendance data","studentId":"12345","timestamp":"2025-08-18 19:05"}
{"classId":"689df90aef0e930fbf45da1e","clientIp":"::1","level":"debug","message":"Retrieved classId from student","studentId":"12345","timestamp":"2025-08-18T18:05:44.521Z"}
{"classId":"689df90aef0e930fbf45da1e","clientIp":"::1","level":"info","message":"Attendance recorded","studentId":"12345","timestamp":"2025-08-18 19:05"}
{"clientIp":"::1","level":"debug","message":"Received attendance data","studentId":"12345","timestamp":"2025-08-18 19:05"}
{"classId":"689df90aef0e930fbf45da1e","clientIp":"::1","level":"debug","message":"Retrieved classId from student","studentId":"12345","timestamp":"2025-08-18T18:05:45.188Z"}
{"classId":"689df90aef0e930fbf45da1e","clientIp":"::1","level":"info","message":"Attendance recorded","studentId":"12345","timestamp":"2025-08-18 19:05"}
{"clientIp":"::1","level":"debug","message":"Received attendance data","studentId":"12345","timestamp":"2025-08-18 19:05"}
{"classId":"689df90aef0e930fbf45da1e","clientIp":"::1","level":"debug","message":"Retrieved classId from student","studentId":"12345","timestamp":"2025-08-18T18:05:45.606Z"}
{"classId":"689df90aef0e930fbf45da1e","clientIp":"::1","level":"info","message":"Attendance recorded","studentId":"12345","timestamp":"2025-08-18 19:05"}
{"clientIp":"::1","level":"debug","message":"Received attendance data","studentId":"12345","timestamp":"2025-08-18 19:05"}
{"classId":"689df90aef0e930fbf45da1e","clientIp":"::1","level":"debug","message":"Retrieved classId from student","studentId":"12345","timestamp":"2025-08-18T18:05:46.295Z"}
{"classId":"689df90aef0e930fbf45da1e","clientIp":"::1","level":"info","message":"Attendance recorded","studentId":"12345","timestamp":"2025-08-18 19:05"}
{"clientIp":"::1","level":"debug","message":"Received attendance data","studentId":"12345","timestamp":"2025-08-18 19:05"}
{"classId":"689df90aef0e930fbf45da1e","clientIp":"::1","level":"debug","message":"Retrieved classId from student","studentId":"12345","timestamp":"2025-08-18T18:05:46.708Z"}
{"classId":"689df90aef0e930fbf45da1e","clientIp":"::1","level":"info","message":"Attendance recorded","studentId":"12345","timestamp":"2025-08-18 19:05"}
{"clientIp":"::1","level":"debug","message":"Received attendance data","studentId":"12345","timestamp":"2025-08-18 19:05"}
{"classId":"689df90aef0e930fbf45da1e","clientIp":"::1","level":"debug","message":"Retrieved classId from student","studentId":"12345","timestamp":"2025-08-18T18:05:47.370Z"}
{"classId":"689df90aef0e930fbf45da1e","clientIp":"::1","level":"info","message":"Attendance recorded","studentId":"12345","timestamp":"2025-08-18 19:05"}
{"clientIp":"::1","level":"debug","message":"Received attendance data","studentId":"12345","timestamp":"2025-08-18 19:05"}
{"classId":"689df90aef0e930fbf45da1e","clientIp":"::1","level":"debug","message":"Retrieved classId from student","studentId":"12345","timestamp":"2025-08-18T18:05:47.858Z"}
{"classId":"689df90aef0e930fbf45da1e","clientIp":"::1","level":"info","message":"Attendance recorded","studentId":"12345","timestamp":"2025-08-18 19:05"}
{"clientIp":"::1","level":"debug","message":"Received attendance data","studentId":"12345","timestamp":"2025-08-18 19:05"}
{"classId":"689df90aef0e930fbf45da1e","clientIp":"::1","level":"debug","message":"Retrieved classId from student","studentId":"12345","timestamp":"2025-08-18T18:05:48.562Z"}
{"classId":"689df90aef0e930fbf45da1e","clientIp":"::1","level":"info","message":"Attendance recorded","studentId":"12345","timestamp":"2025-08-18 19:05"}
{"clientIp":"::1","level":"debug","message":"Received attendance data","studentId":"12345","timestamp":"2025-08-18 19:05"}
{"classId":"689df90aef0e930fbf45da1e","clientIp":"::1","level":"debug","message":"Retrieved classId from student","studentId":"12345","timestamp":"2025-08-18T18:05:49.034Z"}
{"classId":"689df90aef0e930fbf45da1e","clientIp":"::1","level":"info","message":"Attendance recorded","studentId":"12345","timestamp":"2025-08-18 19:05"}
{"clientIp":"::1","level":"debug","message":"Received attendance data","studentId":"12345","timestamp":"2025-08-18 19:05"}
{"classId":"689df90aef0e930fbf45da1e","clientIp":"::1","level":"debug","message":"Retrieved classId from student","studentId":"12345","timestamp":"2025-08-18T18:05:49.743Z"}
{"classId":"689df90aef0e930fbf45da1e","clientIp":"::1","level":"info","message":"Attendance recorded","studentId":"12345","timestamp":"2025-08-18 19:05"}
{"clientIp":"::1","level":"debug","message":"Received attendance data","studentId":"12345","timestamp":"2025-08-18 19:05"}
{"classId":"689df90aef0e930fbf45da1e","clientIp":"::1","level":"debug","message":"Retrieved classId from student","studentId":"12345","timestamp":"2025-08-18T18:05:50.178Z"}
{"classId":"689df90aef0e930fbf45da1e","clientIp":"::1","level":"info","message":"Attendance recorded","studentId":"12345","timestamp":"2025-08-18 19:05"}
{"clientIp":"::1","level":"debug","message":"Received attendance data","studentId":"12345","timestamp":"2025-08-18 19:05"}
{"classId":"689df90aef0e930fbf45da1e","clientIp":"::1","level":"debug","message":"Retrieved classId from student","studentId":"12345","timestamp":"2025-08-18T18:05:52.863Z"}
{"classId":"689df90aef0e930fbf45da1e","clientIp":"::1","level":"info","message":"Attendance recorded","studentId":"12345","timestamp":"2025-08-18 19:05"}
{"clientIp":"::1","level":"debug","message":"Received attendance data","studentId":"12345","timestamp":"2025-08-18 19:05"}
{"classId":"689df90aef0e930fbf45da1e","clientIp":"::1","level":"debug","message":"Retrieved classId from student","studentId":"12345","timestamp":"2025-08-18T18:05:53.279Z"}
{"classId":"689df90aef0e930fbf45da1e","clientIp":"::1","level":"info","message":"Attendance recorded","studentId":"12345","timestamp":"2025-08-18 19:05"}
{"clientIp":"::1","level":"debug","message":"Received attendance data","studentId":"12345","timestamp":"2025-08-18 19:05"}
{"classId":"689df90aef0e930fbf45da1e","clientIp":"::1","level":"debug","message":"Retrieved classId from student","studentId":"12345","timestamp":"2025-08-18T18:05:53.954Z"}
{"classId":"689df90aef0e930fbf45da1e","clientIp":"::1","level":"info","message":"Attendance recorded","studentId":"12345","timestamp":"2025-08-18 19:05"}
{"clientIp":"::1","level":"debug","message":"Received attendance data","studentId":"12345","timestamp":"2025-08-18 19:05"}
{"classId":"689df90aef0e930fbf45da1e","clientIp":"::1","level":"debug","message":"Retrieved classId from student","studentId":"12345","timestamp":"2025-08-18T18:05:54.362Z"}
{"classId":"689df90aef0e930fbf45da1e","clientIp":"::1","level":"info","message":"Attendance recorded","studentId":"12345","timestamp":"2025-08-18 19:05"}
{"clientIp":"::1","level":"debug","message":"Received attendance data","studentId":"12345","timestamp":"2025-08-18 19:05"}
{"classId":"689df90aef0e930fbf45da1e","clientIp":"::1","level":"debug","message":"Retrieved classId from student","studentId":"12345","timestamp":"2025-08-18T18:05:55.063Z"}
{"classId":"689df90aef0e930fbf45da1e","clientIp":"::1","level":"info","message":"Attendance recorded","studentId":"12345","timestamp":"2025-08-18 19:05"}
{"clientIp":"::1","level":"debug","message":"Received attendance data","studentId":"12345","timestamp":"2025-08-18 19:05"}
{"classId":"689df90aef0e930fbf45da1e","clientIp":"::1","level":"debug","message":"Retrieved classId from student","studentId":"12345","timestamp":"2025-08-18T18:05:55.555Z"}
{"classId":"689df90aef0e930fbf45da1e","clientIp":"::1","level":"info","message":"Attendance recorded","studentId":"12345","timestamp":"2025-08-18 19:05"}
{"clientIp":"::1","level":"debug","message":"Received attendance data","studentId":"12345","timestamp":"2025-08-18 19:05"}
{"classId":"689df90aef0e930fbf45da1e","clientIp":"::1","level":"debug","message":"Retrieved classId from student","studentId":"12345","timestamp":"2025-08-18T18:05:56.308Z"}
{"classId":"689df90aef0e930fbf45da1e","clientIp":"::1","level":"info","message":"Attendance recorded","studentId":"12345","timestamp":"2025-08-18 19:05"}
{"clientIp":"::1","level":"debug","message":"Received attendance data","studentId":"12345","timestamp":"2025-08-18 19:05"}
{"classId":"689df90aef0e930fbf45da1e","clientIp":"::1","level":"debug","message":"Retrieved classId from student","studentId":"12345","timestamp":"2025-08-18T18:05:56.819Z"}
{"classId":"689df90aef0e930fbf45da1e","clientIp":"::1","level":"info","message":"Attendance recorded","studentId":"12345","timestamp":"2025-08-18 19:05"}
{"clientIp":"::1","level":"debug","message":"Received attendance data","studentId":"12345","timestamp":"2025-08-18 19:05"}
{"classId":"689df90aef0e930fbf45da1e","clientIp":"::1","level":"debug","message":"Retrieved classId from student","studentId":"12345","timestamp":"2025-08-18T18:06:00.180Z"}
{"classId":"689df90aef0e930fbf45da1e","clientIp":"::1","level":"info","message":"Attendance recorded","studentId":"12345","timestamp":"2025-08-18 19:05"}
{"clientIp":"::1","level":"debug","message":"Received attendance data","studentId":"12345","timestamp":"2025-08-18 19:05"}
{"classId":"689df90aef0e930fbf45da1e","clientIp":"::1","level":"debug","message":"Retrieved classId from student","studentId":"12345","timestamp":"2025-08-18T18:06:00.614Z"}
{"classId":"689df90aef0e930fbf45da1e","clientIp":"::1","level":"info","message":"Attendance recorded","studentId":"12345","timestamp":"2025-08-18 19:05"}
{"clientIp":"::1","level":"debug","message":"Received attendance data","studentId":"12345","timestamp":"2025-08-18 19:06"}
{"classId":"689df90aef0e930fbf45da1e","clientIp":"::1","level":"debug","message":"Retrieved classId from student","studentId":"12345","timestamp":"2025-08-18T18:06:01.351Z"}
{"classId":"689df90aef0e930fbf45da1e","clientIp":"::1","level":"info","message":"Attendance recorded","studentId":"12345","timestamp":"2025-08-18 19:06"}
{"clientIp":"::1","level":"debug","message":"Received attendance data","studentId":"12345","timestamp":"2025-08-18 19:06"}
{"classId":"689df90aef0e930fbf45da1e","clientIp":"::1","level":"debug","message":"Retrieved classId from student","studentId":"12345","timestamp":"2025-08-18T18:06:01.822Z"}
{"classId":"689df90aef0e930fbf45da1e","clientIp":"::1","level":"info","message":"Attendance recorded","studentId":"12345","timestamp":"2025-08-18 19:06"}
{"clientIp":"::1","level":"debug","message":"Received attendance data","studentId":"11139332","timestamp":"2025-08-18 19:06"}
{"classId":"6895c078b2e1514f6a0c41a9","clientIp":"::1","level":"debug","message":"Retrieved classId from student","studentId":"11139332","timestamp":"2025-08-18T18:06:36.704Z"}
{"classId":"6895c078b2e1514f6a0c41a9","clientIp":"::1","level":"info","message":"Attendance recorded","studentId":"11139332","timestamp":"2025-08-18 19:06"}
{"clientIp":"::1","level":"info","message":"WebSocket client disconnected","timestamp":"2025-08-18T18:06:56.377Z"}
{"clientIp":"::1","level":"info","message":"WebSocket client connected","timestamp":"2025-08-18T18:41:05.493Z"}
{"clientIp":"::1","level":"debug","message":"Received attendance data","studentId":"12345","timestamp":"2025-08-18 19:42"}
{"classId":"689df90aef0e930fbf45da1e","clientIp":"::1","level":"debug","message":"Retrieved classId from student","studentId":"12345","timestamp":"2025-08-18T18:42:09.658Z"}
{"classId":"689df90aef0e930fbf45da1e","clientIp":"::1","level":"info","message":"Attendance recorded","studentId":"12345","timestamp":"2025-08-18 19:42"}
{"clientIp":"::1","level":"debug","message":"Received attendance data","studentId":"12345","timestamp":"2025-08-18 19:42"}
{"classId":"689df90aef0e930fbf45da1e","clientIp":"::1","level":"debug","message":"Retrieved classId from student","studentId":"12345","timestamp":"2025-08-18T18:42:10.142Z"}
{"classId":"689df90aef0e930fbf45da1e","clientIp":"::1","level":"info","message":"Attendance recorded","studentId":"12345","timestamp":"2025-08-18 19:42"}
{"clientIp":"::1","level":"debug","message":"Received attendance data","studentId":"12345","timestamp":"2025-08-18 19:42"}
{"classId":"689df90aef0e930fbf45da1e","clientIp":"::1","level":"debug","message":"Retrieved classId from student","studentId":"12345","timestamp":"2025-08-18T18:42:10.905Z"}
{"classId":"689df90aef0e930fbf45da1e","clientIp":"::1","level":"info","message":"Attendance recorded","studentId":"12345","timestamp":"2025-08-18 19:42"}
{"clientIp":"::1","level":"debug","message":"Received attendance data","studentId":"12345","timestamp":"2025-08-18 19:42"}
{"classId":"689df90aef0e930fbf45da1e","clientIp":"::1","level":"debug","message":"Retrieved classId from student","studentId":"12345","timestamp":"2025-08-18T18:42:11.369Z"}
{"classId":"689df90aef0e930fbf45da1e","clientIp":"::1","level":"info","message":"Attendance recorded","studentId":"12345","timestamp":"2025-08-18 19:42"}
{"clientIp":"::1","level":"debug","message":"Received attendance data","studentId":"12345","timestamp":"2025-08-18 19:42"}
{"classId":"689df90aef0e930fbf45da1e","clientIp":"::1","level":"debug","message":"Retrieved classId from student","studentId":"12345","timestamp":"2025-08-18T18:42:12.153Z"}
{"classId":"689df90aef0e930fbf45da1e","clientIp":"::1","level":"info","message":"Attendance recorded","studentId":"12345","timestamp":"2025-08-18 19:42"}
{"clientIp":"::1","level":"debug","message":"Received attendance data","studentId":"12345","timestamp":"2025-08-18 19:42"}
{"classId":"689df90aef0e930fbf45da1e","clientIp":"::1","level":"debug","message":"Retrieved classId from student","studentId":"12345","timestamp":"2025-08-18T18:42:12.651Z"}
{"classId":"689df90aef0e930fbf45da1e","clientIp":"::1","level":"info","message":"Attendance recorded","studentId":"12345","timestamp":"2025-08-18 19:42"}
{"clientIp":"::1","level":"debug","message":"Received attendance data","studentId":"12345","timestamp":"2025-08-18 19:42"}
{"classId":"689df90aef0e930fbf45da1e","clientIp":"::1","level":"debug","message":"Retrieved classId from student","studentId":"12345","timestamp":"2025-08-18T18:42:13.352Z"}
{"classId":"689df90aef0e930fbf45da1e","clientIp":"::1","level":"info","message":"Attendance recorded","studentId":"12345","timestamp":"2025-08-18 19:42"}
{"clientIp":"::1","level":"debug","message":"Received attendance data","studentId":"12345","timestamp":"2025-08-18 19:42"}
{"classId":"689df90aef0e930fbf45da1e","clientIp":"::1","level":"debug","message":"Retrieved classId from student","studentId":"12345","timestamp":"2025-08-18T18:42:13.902Z"}
{"classId":"689df90aef0e930fbf45da1e","clientIp":"::1","level":"info","message":"Attendance recorded","studentId":"12345","timestamp":"2025-08-18 19:42"}
{"clientIp":"::1","level":"debug","message":"Received attendance data","studentId":"12345","timestamp":"2025-08-18 19:42"}
{"classId":"689df90aef0e930fbf45da1e","clientIp":"::1","level":"debug","message":"Retrieved classId from student","studentId":"12345","timestamp":"2025-08-18T18:42:14.620Z"}
{"classId":"689df90aef0e930fbf45da1e","clientIp":"::1","level":"info","message":"Attendance recorded","studentId":"12345","timestamp":"2025-08-18 19:42"}
{"clientIp":"::1","level":"debug","message":"Received attendance data","studentId":"12345","timestamp":"2025-08-18 19:42"}
{"classId":"689df90aef0e930fbf45da1e","clientIp":"::1","level":"debug","message":"Retrieved classId from student","studentId":"12345","timestamp":"2025-08-18T18:42:15.034Z"}
{"classId":"689df90aef0e930fbf45da1e","clientIp":"::1","level":"info","message":"Attendance recorded","studentId":"12345","timestamp":"2025-08-18 19:42"}
{"clientIp":"::1","level":"debug","message":"Received attendance data","studentId":"12345","timestamp":"2025-08-18 19:42"}
{"classId":"689df90aef0e930fbf45da1e","clientIp":"::1","level":"debug","message":"Retrieved classId from student","studentId":"12345","timestamp":"2025-08-18T18:42:15.710Z"}
{"classId":"689df90aef0e930fbf45da1e","clientIp":"::1","level":"info","message":"Attendance recorded","studentId":"12345","timestamp":"2025-08-18 19:42"}
{"clientIp":"::1","level":"debug","message":"Received attendance data","studentId":"12345","timestamp":"2025-08-18 19:42"}
{"classId":"689df90aef0e930fbf45da1e","clientIp":"::1","level":"debug","message":"Retrieved classId from student","studentId":"12345","timestamp":"2025-08-18T18:42:16.130Z"}
{"classId":"689df90aef0e930fbf45da1e","clientIp":"::1","level":"info","message":"Attendance recorded","studentId":"12345","timestamp":"2025-08-18 19:42"}
{"clientIp":"::1","level":"debug","message":"Received attendance data","studentId":"12345","timestamp":"2025-08-18 19:42"}
{"classId":"689df90aef0e930fbf45da1e","clientIp":"::1","level":"debug","message":"Retrieved classId from student","studentId":"12345","timestamp":"2025-08-18T18:42:17.855Z"}
{"classId":"689df90aef0e930fbf45da1e","clientIp":"::1","level":"info","message":"Attendance recorded","studentId":"12345","timestamp":"2025-08-18 19:42"}
{"clientIp":"::1","level":"debug","message":"Received attendance data","studentId":"12345","timestamp":"2025-08-18 19:42"}
{"classId":"689df90aef0e930fbf45da1e","clientIp":"::1","level":"debug","message":"Retrieved classId from student","studentId":"12345","timestamp":"2025-08-18T18:42:18.342Z"}
{"classId":"689df90aef0e930fbf45da1e","clientIp":"::1","level":"info","message":"Attendance recorded","studentId":"12345","timestamp":"2025-08-18 19:42"}
{"clientIp":"::1","level":"debug","message":"Received attendance data","studentId":"12345","timestamp":"2025-08-18 19:42"}
{"classId":"689df90aef0e930fbf45da1e","clientIp":"::1","level":"debug","message":"Retrieved classId from student","studentId":"12345","timestamp":"2025-08-18T18:42:19.011Z"}
{"classId":"689df90aef0e930fbf45da1e","clientIp":"::1","level":"info","message":"Attendance recorded","studentId":"12345","timestamp":"2025-08-18 19:42"}
{"clientIp":"::1","level":"debug","message":"Received attendance data","studentId":"12345","timestamp":"2025-08-18 19:42"}
{"classId":"689df90aef0e930fbf45da1e","clientIp":"::1","level":"debug","message":"Retrieved classId from student","studentId":"12345","timestamp":"2025-08-18T18:42:19.425Z"}
{"classId":"689df90aef0e930fbf45da1e","clientIp":"::1","level":"info","message":"Attendance recorded","studentId":"12345","timestamp":"2025-08-18 19:42"}
{"clientIp":"::1","level":"debug","message":"Received attendance data","studentId":"12345","timestamp":"2025-08-18 19:42"}
{"classId":"689df90aef0e930fbf45da1e","clientIp":"::1","level":"debug","message":"Retrieved classId from student","studentId":"12345","timestamp":"2025-08-18T18:42:20.086Z"}
{"classId":"689df90aef0e930fbf45da1e","clientIp":"::1","level":"info","message":"Attendance recorded","studentId":"12345","timestamp":"2025-08-18 19:42"}
{"clientIp":"::1","level":"debug","message":"Received attendance data","studentId":"12345","timestamp":"2025-08-18 19:42"}
{"classId":"689df90aef0e930fbf45da1e","clientIp":"::1","level":"debug","message":"Retrieved classId from student","studentId":"12345","timestamp":"2025-08-18T18:42:20.517Z"}
{"classId":"689df90aef0e930fbf45da1e","clientIp":"::1","level":"info","message":"Attendance recorded","studentId":"12345","timestamp":"2025-08-18 19:42"}
{"clientIp":"::1","level":"debug","message":"Received attendance data","studentId":"12345","timestamp":"2025-08-18 19:42"}
{"classId":"689df90aef0e930fbf45da1e","clientIp":"::1","level":"debug","message":"Retrieved classId from student","studentId":"12345","timestamp":"2025-08-18T18:42:21.200Z"}
{"classId":"689df90aef0e930fbf45da1e","clientIp":"::1","level":"info","message":"Attendance recorded","studentId":"12345","timestamp":"2025-08-18 19:42"}
{"clientIp":"::1","level":"debug","message":"Received attendance data","studentId":"12345","timestamp":"2025-08-18 19:42"}
{"classId":"689df90aef0e930fbf45da1e","clientIp":"::1","level":"debug","message":"Retrieved classId from student","studentId":"12345","timestamp":"2025-08-18T18:42:21.615Z"}
{"classId":"689df90aef0e930fbf45da1e","clientIp":"::1","level":"info","message":"Attendance recorded","studentId":"12345","timestamp":"2025-08-18 19:42"}
{"clientIp":"::1","level":"debug","message":"Received attendance data","studentId":"12345","timestamp":"2025-08-18 19:42"}
{"classId":"689df90aef0e930fbf45da1e","clientIp":"::1","level":"debug","message":"Retrieved classId from student","studentId":"12345","timestamp":"2025-08-18T18:42:22.301Z"}
{"classId":"689df90aef0e930fbf45da1e","clientIp":"::1","level":"info","message":"Attendance recorded","studentId":"12345","timestamp":"2025-08-18 19:42"}
{"clientIp":"::1","level":"debug","message":"Received attendance data","studentId":"12345","timestamp":"2025-08-18 19:42"}
{"classId":"689df90aef0e930fbf45da1e","clientIp":"::1","level":"debug","message":"Retrieved classId from student","studentId":"12345","timestamp":"2025-08-18T18:42:22.716Z"}
{"classId":"689df90aef0e930fbf45da1e","clientIp":"::1","level":"info","message":"Attendance recorded","studentId":"12345","timestamp":"2025-08-18 19:42"}
{"clientIp":"::1","level":"debug","message":"Received attendance data","studentId":"12345","timestamp":"2025-08-18 19:42"}
{"classId":"689df90aef0e930fbf45da1e","clientIp":"::1","level":"debug","message":"Retrieved classId from student","studentId":"12345","timestamp":"2025-08-18T18:42:23.382Z"}
{"classId":"689df90aef0e930fbf45da1e","clientIp":"::1","level":"info","message":"Attendance recorded","studentId":"12345","timestamp":"2025-08-18 19:42"}
{"clientIp":"::1","level":"debug","message":"Received attendance data","studentId":"12345","timestamp":"2025-08-18 19:42"}
{"classId":"689df90aef0e930fbf45da1e","clientIp":"::1","level":"debug","message":"Retrieved classId from student","studentId":"12345","timestamp":"2025-08-18T18:42:23.799Z"}
{"classId":"689df90aef0e930fbf45da1e","clientIp":"::1","level":"info","message":"Attendance recorded","studentId":"12345","timestamp":"2025-08-18 19:42"}
{"clientIp":"::1","level":"debug","message":"Received attendance data","studentId":"12345","timestamp":"2025-08-18 19:42"}
{"classId":"689df90aef0e930fbf45da1e","clientIp":"::1","level":"debug","message":"Retrieved classId from student","studentId":"12345","timestamp":"2025-08-18T18:42:24.480Z"}
{"classId":"689df90aef0e930fbf45da1e","clientIp":"::1","level":"info","message":"Attendance recorded","studentId":"12345","timestamp":"2025-08-18 19:42"}
{"clientIp":"::1","level":"debug","message":"Received attendance data","studentId":"12345","timestamp":"2025-08-18 19:42"}
{"classId":"689df90aef0e930fbf45da1e","clientIp":"::1","level":"debug","message":"Retrieved classId from student","studentId":"12345","timestamp":"2025-08-18T18:42:24.905Z"}
{"classId":"689df90aef0e930fbf45da1e","clientIp":"::1","level":"info","message":"Attendance recorded","studentId":"12345","timestamp":"2025-08-18 19:42"}
{"clientIp":"::1","level":"debug","message":"Received attendance data","studentId":"12345","timestamp":"2025-08-18 19:42"}
{"classId":"689df90aef0e930fbf45da1e","clientIp":"::1","level":"debug","message":"Retrieved classId from student","studentId":"12345","timestamp":"2025-08-18T18:42:25.580Z"}
{"classId":"689df90aef0e930fbf45da1e","clientIp":"::1","level":"info","message":"Attendance recorded","studentId":"12345","timestamp":"2025-08-18 19:42"}
{"clientIp":"::1","level":"debug","message":"Received attendance data","studentId":"12345","timestamp":"2025-08-18 19:42"}
{"classId":"689df90aef0e930fbf45da1e","clientIp":"::1","level":"debug","message":"Retrieved classId from student","studentId":"12345","timestamp":"2025-08-18T18:42:26.012Z"}
{"classId":"689df90aef0e930fbf45da1e","clientIp":"::1","level":"info","message":"Attendance recorded","studentId":"12345","timestamp":"2025-08-18 19:42"}
{"clientIp":"::1","level":"debug","message":"Received attendance data","studentId":"12345","timestamp":"2025-08-18 19:42"}
{"classId":"689df90aef0e930fbf45da1e","clientIp":"::1","level":"debug","message":"Retrieved classId from student","studentId":"12345","timestamp":"2025-08-18T18:42:26.673Z"}
{"classId":"689df90aef0e930fbf45da1e","clientIp":"::1","level":"info","message":"Attendance recorded","studentId":"12345","timestamp":"2025-08-18 19:42"}
{"clientIp":"::1","level":"debug","message":"Received attendance data","studentId":"12345","timestamp":"2025-08-18 19:42"}
{"classId":"689df90aef0e930fbf45da1e","clientIp":"::1","level":"debug","message":"Retrieved classId from student","studentId":"12345","timestamp":"2025-08-18T18:42:27.156Z"}
{"classId":"689df90aef0e930fbf45da1e","clientIp":"::1","level":"info","message":"Attendance recorded","studentId":"12345","timestamp":"2025-08-18 19:42"}
{"clientIp":"::1","level":"debug","message":"Received attendance data","studentId":"12345","timestamp":"2025-08-18 19:42"}
{"classId":"689df90aef0e930fbf45da1e","clientIp":"::1","level":"debug","message":"Retrieved classId from student","studentId":"12345","timestamp":"2025-08-18T18:42:27.857Z"}
{"classId":"689df90aef0e930fbf45da1e","clientIp":"::1","level":"info","message":"Attendance recorded","studentId":"12345","timestamp":"2025-08-18 19:42"}
{"clientIp":"::1","level":"debug","message":"Received attendance data","studentId":"12345","timestamp":"2025-08-18 19:42"}
{"classId":"689df90aef0e930fbf45da1e","clientIp":"::1","level":"debug","message":"Retrieved classId from student","studentId":"12345","timestamp":"2025-08-18T18:42:28.255Z"}
{"classId":"689df90aef0e930fbf45da1e","clientIp":"::1","level":"info","message":"Attendance recorded","studentId":"12345","timestamp":"2025-08-18 19:42"}
{"clientIp":"::1","level":"debug","message":"Received attendance data","studentId":"12345","timestamp":"2025-08-18 19:42"}
{"classId":"689df90aef0e930fbf45da1e","clientIp":"::1","level":"debug","message":"Retrieved classId from student","studentId":"12345","timestamp":"2025-08-18T18:42:29.007Z"}
{"classId":"689df90aef0e930fbf45da1e","clientIp":"::1","level":"info","message":"Attendance recorded","studentId":"12345","timestamp":"2025-08-18 19:42"}
{"clientIp":"::1","level":"debug","message":"Received attendance data","studentId":"12345","timestamp":"2025-08-18 19:42"}
{"classId":"689df90aef0e930fbf45da1e","clientIp":"::1","level":"debug","message":"Retrieved classId from student","studentId":"12345","timestamp":"2025-08-18T18:42:29.448Z"}
{"classId":"689df90aef0e930fbf45da1e","clientIp":"::1","level":"info","message":"Attendance recorded","studentId":"12345","timestamp":"2025-08-18 19:42"}
{"clientIp":"::1","level":"debug","message":"Received attendance data","studentId":"12345","timestamp":"2025-08-18 19:42"}
{"classId":"689df90aef0e930fbf45da1e","clientIp":"::1","level":"debug","message":"Retrieved classId from student","studentId":"12345","timestamp":"2025-08-18T18:42:30.179Z"}
{"classId":"689df90aef0e930fbf45da1e","clientIp":"::1","level":"info","message":"Attendance recorded","studentId":"12345","timestamp":"2025-08-18 19:42"}
{"clientIp":"::1","level":"debug","message":"Received attendance data","studentId":"12345","timestamp":"2025-08-18 19:42"}
{"classId":"689df90aef0e930fbf45da1e","clientIp":"::1","level":"debug","message":"Retrieved classId from student","studentId":"12345","timestamp":"2025-08-18T18:42:30.712Z"}
{"classId":"689df90aef0e930fbf45da1e","clientIp":"::1","level":"info","message":"Attendance recorded","studentId":"12345","timestamp":"2025-08-18 19:42"}
{"clientIp":"::1","level":"debug","message":"Received attendance data","studentId":"12345","timestamp":"2025-08-18 19:42"}
{"classId":"689df90aef0e930fbf45da1e","clientIp":"::1","level":"debug","message":"Retrieved classId from student","studentId":"12345","timestamp":"2025-08-18T18:42:31.438Z"}
{"classId":"689df90aef0e930fbf45da1e","clientIp":"::1","level":"info","message":"Attendance recorded","studentId":"12345","timestamp":"2025-08-18 19:42"}
{"clientIp":"::1","level":"debug","message":"Received attendance data","studentId":"12345","timestamp":"2025-08-18 19:42"}
{"classId":"689df90aef0e930fbf45da1e","clientIp":"::1","level":"debug","message":"Retrieved classId from student","studentId":"12345","timestamp":"2025-08-18T18:42:31.847Z"}
{"classId":"689df90aef0e930fbf45da1e","clientIp":"::1","level":"info","message":"Attendance recorded","studentId":"12345","timestamp":"2025-08-18 19:42"}
{"level":"info","message":"Express server running on port 3000","timestamp":"2025-08-18T18:43:19.485Z"}
{"level":"info","message":"Connected to MongoDB","timestamp":"2025-08-18T18:43:19.520Z"}
{"clientIp":"::1","level":"info","message":"WebSocket client connected","timestamp":"2025-08-18T18:43:19.916Z"}
{"clientIp":"::1","error":"camera is not defined","level":"error","message":"Error processing WebSocket message","stack":"ReferenceError: camera is not defined\n    at WebSocket.<anonymous> (C:\\Users\\ihedh\\Desktop\\madrasati\\madrasati\\madrasati\\backend\\server.js:75:9)\n    at WebSocket.emit (node:events:518:28)\n    at Receiver.receiverOnMessage (C:\\Users\\ihedh\\Desktop\\madrasati\\madrasati\\madrasati\\backend\\node_modules\\ws\\lib\\websocket.js:1220:20)\n    at Receiver.emit (node:events:518:28)\n    at Receiver.dataMessage (C:\\Users\\ihedh\\Desktop\\madrasati\\madrasati\\madrasati\\backend\\node_modules\\ws\\lib\\receiver.js:596:14)\n    at Receiver.getData (C:\\Users\\ihedh\\Desktop\\madrasati\\madrasati\\madrasati\\backend\\node_modules\\ws\\lib\\receiver.js:496:10)\n    at Receiver.startLoop (C:\\Users\\ihedh\\Desktop\\madrasati\\madrasati\\madrasati\\backend\\node_modules\\ws\\lib\\receiver.js:167:16)\n    at Receiver._write (C:\\Users\\ihedh\\Desktop\\madrasati\\madrasati\\madrasati\\backend\\node_modules\\ws\\lib\\receiver.js:94:10)\n    at writeOrBuffer (node:internal/streams/writable:572:12)\n    at _write (node:internal/streams/writable:501:10)","timestamp":"2025-08-18T18:43:19.920Z"}
{"clientIp":"::1","error":"camera is not defined","level":"error","message":"Error processing WebSocket message","stack":"ReferenceError: camera is not defined\n    at WebSocket.<anonymous> (C:\\Users\\ihedh\\Desktop\\madrasati\\madrasati\\madrasati\\backend\\server.js:75:9)\n    at WebSocket.emit (node:events:518:28)\n    at Receiver.receiverOnMessage (C:\\Users\\ihedh\\Desktop\\madrasati\\madrasati\\madrasati\\backend\\node_modules\\ws\\lib\\websocket.js:1220:20)\n    at Receiver.emit (node:events:518:28)\n    at Receiver.dataMessage (C:\\Users\\ihedh\\Desktop\\madrasati\\madrasati\\madrasati\\backend\\node_modules\\ws\\lib\\receiver.js:596:14)\n    at Receiver.getData (C:\\Users\\ihedh\\Desktop\\madrasati\\madrasati\\madrasati\\backend\\node_modules\\ws\\lib\\receiver.js:496:10)\n    at Receiver.startLoop (C:\\Users\\ihedh\\Desktop\\madrasati\\madrasati\\madrasati\\backend\\node_modules\\ws\\lib\\receiver.js:167:16)\n    at Receiver._write (C:\\Users\\ihedh\\Desktop\\madrasati\\madrasati\\madrasati\\backend\\node_modules\\ws\\lib\\receiver.js:94:10)\n    at writeOrBuffer (node:internal/streams/writable:572:12)\n    at _write (node:internal/streams/writable:501:10)","timestamp":"2025-08-18T18:43:43.083Z"}
{"clientIp":"::1","error":"camera is not defined","level":"error","message":"Error processing WebSocket message","stack":"ReferenceError: camera is not defined\n    at WebSocket.<anonymous> (C:\\Users\\ihedh\\Desktop\\madrasati\\madrasati\\madrasati\\backend\\server.js:75:9)\n    at WebSocket.emit (node:events:518:28)\n    at Receiver.receiverOnMessage (C:\\Users\\ihedh\\Desktop\\madrasati\\madrasati\\madrasati\\backend\\node_modules\\ws\\lib\\websocket.js:1220:20)\n    at Receiver.emit (node:events:518:28)\n    at Receiver.dataMessage (C:\\Users\\ihedh\\Desktop\\madrasati\\madrasati\\madrasati\\backend\\node_modules\\ws\\lib\\receiver.js:596:14)\n    at Receiver.getData (C:\\Users\\ihedh\\Desktop\\madrasati\\madrasati\\madrasati\\backend\\node_modules\\ws\\lib\\receiver.js:496:10)\n    at Receiver.startLoop (C:\\Users\\ihedh\\Desktop\\madrasati\\madrasati\\madrasati\\backend\\node_modules\\ws\\lib\\receiver.js:167:16)\n    at Receiver._write (C:\\Users\\ihedh\\Desktop\\madrasati\\madrasati\\madrasati\\backend\\node_modules\\ws\\lib\\receiver.js:94:10)\n    at writeOrBuffer (node:internal/streams/writable:572:12)\n    at _write (node:internal/streams/writable:501:10)","timestamp":"2025-08-18T18:43:43.490Z"}
{"clientIp":"::1","error":"camera is not defined","level":"error","message":"Error processing WebSocket message","stack":"ReferenceError: camera is not defined\n    at WebSocket.<anonymous> (C:\\Users\\ihedh\\Desktop\\madrasati\\madrasati\\madrasati\\backend\\server.js:75:9)\n    at WebSocket.emit (node:events:518:28)\n    at Receiver.receiverOnMessage (C:\\Users\\ihedh\\Desktop\\madrasati\\madrasati\\madrasati\\backend\\node_modules\\ws\\lib\\websocket.js:1220:20)\n    at Receiver.emit (node:events:518:28)\n    at Receiver.dataMessage (C:\\Users\\ihedh\\Desktop\\madrasati\\madrasati\\madrasati\\backend\\node_modules\\ws\\lib\\receiver.js:596:14)\n    at Receiver.getData (C:\\Users\\ihedh\\Desktop\\madrasati\\madrasati\\madrasati\\backend\\node_modules\\ws\\lib\\receiver.js:496:10)\n    at Receiver.startLoop (C:\\Users\\ihedh\\Desktop\\madrasati\\madrasati\\madrasati\\backend\\node_modules\\ws\\lib\\receiver.js:167:16)\n    at Receiver._write (C:\\Users\\ihedh\\Desktop\\madrasati\\madrasati\\madrasati\\backend\\node_modules\\ws\\lib\\receiver.js:94:10)\n    at writeOrBuffer (node:internal/streams/writable:572:12)\n    at _write (node:internal/streams/writable:501:10)","timestamp":"2025-08-18T18:43:44.111Z"}
{"clientIp":"::1","error":"camera is not defined","level":"error","message":"Error processing WebSocket message","stack":"ReferenceError: camera is not defined\n    at WebSocket.<anonymous> (C:\\Users\\ihedh\\Desktop\\madrasati\\madrasati\\madrasati\\backend\\server.js:75:9)\n    at WebSocket.emit (node:events:518:28)\n    at Receiver.receiverOnMessage (C:\\Users\\ihedh\\Desktop\\madrasati\\madrasati\\madrasati\\backend\\node_modules\\ws\\lib\\websocket.js:1220:20)\n    at Receiver.emit (node:events:518:28)\n    at Receiver.dataMessage (C:\\Users\\ihedh\\Desktop\\madrasati\\madrasati\\madrasati\\backend\\node_modules\\ws\\lib\\receiver.js:596:14)\n    at Receiver.getData (C:\\Users\\ihedh\\Desktop\\madrasati\\madrasati\\madrasati\\backend\\node_modules\\ws\\lib\\receiver.js:496:10)\n    at Receiver.startLoop (C:\\Users\\ihedh\\Desktop\\madrasati\\madrasati\\madrasati\\backend\\node_modules\\ws\\lib\\receiver.js:167:16)\n    at Receiver._write (C:\\Users\\ihedh\\Desktop\\madrasati\\madrasati\\madrasati\\backend\\node_modules\\ws\\lib\\receiver.js:94:10)\n    at writeOrBuffer (node:internal/streams/writable:572:12)\n    at _write (node:internal/streams/writable:501:10)","timestamp":"2025-08-18T18:43:44.505Z"}
{"clientIp":"::1","error":"camera is not defined","level":"error","message":"Error processing WebSocket message","stack":"ReferenceError: camera is not defined\n    at WebSocket.<anonymous> (C:\\Users\\ihedh\\Desktop\\madrasati\\madrasati\\madrasati\\backend\\server.js:75:9)\n    at WebSocket.emit (node:events:518:28)\n    at Receiver.receiverOnMessage (C:\\Users\\ihedh\\Desktop\\madrasati\\madrasati\\madrasati\\backend\\node_modules\\ws\\lib\\websocket.js:1220:20)\n    at Receiver.emit (node:events:518:28)\n    at Receiver.dataMessage (C:\\Users\\ihedh\\Desktop\\madrasati\\madrasati\\madrasati\\backend\\node_modules\\ws\\lib\\receiver.js:596:14)\n    at Receiver.getData (C:\\Users\\ihedh\\Desktop\\madrasati\\madrasati\\madrasati\\backend\\node_modules\\ws\\lib\\receiver.js:496:10)\n    at Receiver.startLoop (C:\\Users\\ihedh\\Desktop\\madrasati\\madrasati\\madrasati\\backend\\node_modules\\ws\\lib\\receiver.js:167:16)\n    at Receiver._write (C:\\Users\\ihedh\\Desktop\\madrasati\\madrasati\\madrasati\\backend\\node_modules\\ws\\lib\\receiver.js:94:10)\n    at writeOrBuffer (node:internal/streams/writable:572:12)\n    at _write (node:internal/streams/writable:501:10)","timestamp":"2025-08-18T18:43:45.130Z"}
{"clientIp":"::1","error":"camera is not defined","level":"error","message":"Error processing WebSocket message","stack":"ReferenceError: camera is not defined\n    at WebSocket.<anonymous> (C:\\Users\\ihedh\\Desktop\\madrasati\\madrasati\\madrasati\\backend\\server.js:75:9)\n    at WebSocket.emit (node:events:518:28)\n    at Receiver.receiverOnMessage (C:\\Users\\ihedh\\Desktop\\madrasati\\madrasati\\madrasati\\backend\\node_modules\\ws\\lib\\websocket.js:1220:20)\n    at Receiver.emit (node:events:518:28)\n    at Receiver.dataMessage (C:\\Users\\ihedh\\Desktop\\madrasati\\madrasati\\madrasati\\backend\\node_modules\\ws\\lib\\receiver.js:596:14)\n    at Receiver.getData (C:\\Users\\ihedh\\Desktop\\madrasati\\madrasati\\madrasati\\backend\\node_modules\\ws\\lib\\receiver.js:496:10)\n    at Receiver.startLoop (C:\\Users\\ihedh\\Desktop\\madrasati\\madrasati\\madrasati\\backend\\node_modules\\ws\\lib\\receiver.js:167:16)\n    at Receiver._write (C:\\Users\\ihedh\\Desktop\\madrasati\\madrasati\\madrasati\\backend\\node_modules\\ws\\lib\\receiver.js:94:10)\n    at writeOrBuffer (node:internal/streams/writable:572:12)\n    at _write (node:internal/streams/writable:501:10)","timestamp":"2025-08-18T18:43:45.593Z"}
{"clientIp":"::1","error":"camera is not defined","level":"error","message":"Error processing WebSocket message","stack":"ReferenceError: camera is not defined\n    at WebSocket.<anonymous> (C:\\Users\\ihedh\\Desktop\\madrasati\\madrasati\\madrasati\\backend\\server.js:75:9)\n    at WebSocket.emit (node:events:518:28)\n    at Receiver.receiverOnMessage (C:\\Users\\ihedh\\Desktop\\madrasati\\madrasati\\madrasati\\backend\\node_modules\\ws\\lib\\websocket.js:1220:20)\n    at Receiver.emit (node:events:518:28)\n    at Receiver.dataMessage (C:\\Users\\ihedh\\Desktop\\madrasati\\madrasati\\madrasati\\backend\\node_modules\\ws\\lib\\receiver.js:596:14)\n    at Receiver.getData (C:\\Users\\ihedh\\Desktop\\madrasati\\madrasati\\madrasati\\backend\\node_modules\\ws\\lib\\receiver.js:496:10)\n    at Receiver.startLoop (C:\\Users\\ihedh\\Desktop\\madrasati\\madrasati\\madrasati\\backend\\node_modules\\ws\\lib\\receiver.js:167:16)\n    at Receiver._write (C:\\Users\\ihedh\\Desktop\\madrasati\\madrasati\\madrasati\\backend\\node_modules\\ws\\lib\\receiver.js:94:10)\n    at writeOrBuffer (node:internal/streams/writable:572:12)\n    at _write (node:internal/streams/writable:501:10)","timestamp":"2025-08-18T18:43:46.235Z"}
{"clientIp":"::1","error":"camera is not defined","level":"error","message":"Error processing WebSocket message","stack":"ReferenceError: camera is not defined\n    at WebSocket.<anonymous> (C:\\Users\\ihedh\\Desktop\\madrasati\\madrasati\\madrasati\\backend\\server.js:75:9)\n    at WebSocket.emit (node:events:518:28)\n    at Receiver.receiverOnMessage (C:\\Users\\ihedh\\Desktop\\madrasati\\madrasati\\madrasati\\backend\\node_modules\\ws\\lib\\websocket.js:1220:20)\n    at Receiver.emit (node:events:518:28)\n    at Receiver.dataMessage (C:\\Users\\ihedh\\Desktop\\madrasati\\madrasati\\madrasati\\backend\\node_modules\\ws\\lib\\receiver.js:596:14)\n    at Receiver.getData (C:\\Users\\ihedh\\Desktop\\madrasati\\madrasati\\madrasati\\backend\\node_modules\\ws\\lib\\receiver.js:496:10)\n    at Receiver.startLoop (C:\\Users\\ihedh\\Desktop\\madrasati\\madrasati\\madrasati\\backend\\node_modules\\ws\\lib\\receiver.js:167:16)\n    at Receiver._write (C:\\Users\\ihedh\\Desktop\\madrasati\\madrasati\\madrasati\\backend\\node_modules\\ws\\lib\\receiver.js:94:10)\n    at writeOrBuffer (node:internal/streams/writable:572:12)\n    at _write (node:internal/streams/writable:501:10)","timestamp":"2025-08-18T18:43:46.645Z"}
{"clientIp":"::1","error":"camera is not defined","level":"error","message":"Error processing WebSocket message","stack":"ReferenceError: camera is not defined\n    at WebSocket.<anonymous> (C:\\Users\\ihedh\\Desktop\\madrasati\\madrasati\\madrasati\\backend\\server.js:75:9)\n    at WebSocket.emit (node:events:518:28)\n    at Receiver.receiverOnMessage (C:\\Users\\ihedh\\Desktop\\madrasati\\madrasati\\madrasati\\backend\\node_modules\\ws\\lib\\websocket.js:1220:20)\n    at Receiver.emit (node:events:518:28)\n    at Receiver.dataMessage (C:\\Users\\ihedh\\Desktop\\madrasati\\madrasati\\madrasati\\backend\\node_modules\\ws\\lib\\receiver.js:596:14)\n    at Receiver.getData (C:\\Users\\ihedh\\Desktop\\madrasati\\madrasati\\madrasati\\backend\\node_modules\\ws\\lib\\receiver.js:496:10)\n    at Receiver.startLoop (C:\\Users\\ihedh\\Desktop\\madrasati\\madrasati\\madrasati\\backend\\node_modules\\ws\\lib\\receiver.js:167:16)\n    at Receiver._write (C:\\Users\\ihedh\\Desktop\\madrasati\\madrasati\\madrasati\\backend\\node_modules\\ws\\lib\\receiver.js:94:10)\n    at writeOrBuffer (node:internal/streams/writable:572:12)\n    at _write (node:internal/streams/writable:501:10)","timestamp":"2025-08-18T18:43:47.277Z"}
{"clientIp":"::1","error":"camera is not defined","level":"error","message":"Error processing WebSocket message","stack":"ReferenceError: camera is not defined\n    at WebSocket.<anonymous> (C:\\Users\\ihedh\\Desktop\\madrasati\\madrasati\\madrasati\\backend\\server.js:75:9)\n    at WebSocket.emit (node:events:518:28)\n    at Receiver.receiverOnMessage (C:\\Users\\ihedh\\Desktop\\madrasati\\madrasati\\madrasati\\backend\\node_modules\\ws\\lib\\websocket.js:1220:20)\n    at Receiver.emit (node:events:518:28)\n    at Receiver.dataMessage (C:\\Users\\ihedh\\Desktop\\madrasati\\madrasati\\madrasati\\backend\\node_modules\\ws\\lib\\receiver.js:596:14)\n    at Receiver.getData (C:\\Users\\ihedh\\Desktop\\madrasati\\madrasati\\madrasati\\backend\\node_modules\\ws\\lib\\receiver.js:496:10)\n    at Receiver.startLoop (C:\\Users\\ihedh\\Desktop\\madrasati\\madrasati\\madrasati\\backend\\node_modules\\ws\\lib\\receiver.js:167:16)\n    at Receiver._write (C:\\Users\\ihedh\\Desktop\\madrasati\\madrasati\\madrasati\\backend\\node_modules\\ws\\lib\\receiver.js:94:10)\n    at writeOrBuffer (node:internal/streams/writable:572:12)\n    at _write (node:internal/streams/writable:501:10)","timestamp":"2025-08-18T18:43:47.676Z"}
{"clientIp":"::1","error":"camera is not defined","level":"error","message":"Error processing WebSocket message","stack":"ReferenceError: camera is not defined\n    at WebSocket.<anonymous> (C:\\Users\\ihedh\\Desktop\\madrasati\\madrasati\\madrasati\\backend\\server.js:75:9)\n    at WebSocket.emit (node:events:518:28)\n    at Receiver.receiverOnMessage (C:\\Users\\ihedh\\Desktop\\madrasati\\madrasati\\madrasati\\backend\\node_modules\\ws\\lib\\websocket.js:1220:20)\n    at Receiver.emit (node:events:518:28)\n    at Receiver.dataMessage (C:\\Users\\ihedh\\Desktop\\madrasati\\madrasati\\madrasati\\backend\\node_modules\\ws\\lib\\receiver.js:596:14)\n    at Receiver.getData (C:\\Users\\ihedh\\Desktop\\madrasati\\madrasati\\madrasati\\backend\\node_modules\\ws\\lib\\receiver.js:496:10)\n    at Receiver.startLoop (C:\\Users\\ihedh\\Desktop\\madrasati\\madrasati\\madrasati\\backend\\node_modules\\ws\\lib\\receiver.js:167:16)\n    at Receiver._write (C:\\Users\\ihedh\\Desktop\\madrasati\\madrasati\\madrasati\\backend\\node_modules\\ws\\lib\\receiver.js:94:10)\n    at writeOrBuffer (node:internal/streams/writable:572:12)\n    at _write (node:internal/streams/writable:501:10)","timestamp":"2025-08-18T18:43:48.295Z"}
{"clientIp":"::1","error":"camera is not defined","level":"error","message":"Error processing WebSocket message","stack":"ReferenceError: camera is not defined\n    at WebSocket.<anonymous> (C:\\Users\\ihedh\\Desktop\\madrasati\\madrasati\\madrasati\\backend\\server.js:75:9)\n    at WebSocket.emit (node:events:518:28)\n    at Receiver.receiverOnMessage (C:\\Users\\ihedh\\Desktop\\madrasati\\madrasati\\madrasati\\backend\\node_modules\\ws\\lib\\websocket.js:1220:20)\n    at Receiver.emit (node:events:518:28)\n    at Receiver.dataMessage (C:\\Users\\ihedh\\Desktop\\madrasati\\madrasati\\madrasati\\backend\\node_modules\\ws\\lib\\receiver.js:596:14)\n    at Receiver.getData (C:\\Users\\ihedh\\Desktop\\madrasati\\madrasati\\madrasati\\backend\\node_modules\\ws\\lib\\receiver.js:496:10)\n    at Receiver.startLoop (C:\\Users\\ihedh\\Desktop\\madrasati\\madrasati\\madrasati\\backend\\node_modules\\ws\\lib\\receiver.js:167:16)\n    at Receiver._write (C:\\Users\\ihedh\\Desktop\\madrasati\\madrasati\\madrasati\\backend\\node_modules\\ws\\lib\\receiver.js:94:10)\n    at writeOrBuffer (node:internal/streams/writable:572:12)\n    at _write (node:internal/streams/writable:501:10)","timestamp":"2025-08-18T18:43:48.704Z"}
{"clientIp":"::1","error":"camera is not defined","level":"error","message":"Error processing WebSocket message","stack":"ReferenceError: camera is not defined\n    at WebSocket.<anonymous> (C:\\Users\\ihedh\\Desktop\\madrasati\\madrasati\\madrasati\\backend\\server.js:75:9)\n    at WebSocket.emit (node:events:518:28)\n    at Receiver.receiverOnMessage (C:\\Users\\ihedh\\Desktop\\madrasati\\madrasati\\madrasati\\backend\\node_modules\\ws\\lib\\websocket.js:1220:20)\n    at Receiver.emit (node:events:518:28)\n    at Receiver.dataMessage (C:\\Users\\ihedh\\Desktop\\madrasati\\madrasati\\madrasati\\backend\\node_modules\\ws\\lib\\receiver.js:596:14)\n    at Receiver.getData (C:\\Users\\ihedh\\Desktop\\madrasati\\madrasati\\madrasati\\backend\\node_modules\\ws\\lib\\receiver.js:496:10)\n    at Receiver.startLoop (C:\\Users\\ihedh\\Desktop\\madrasati\\madrasati\\madrasati\\backend\\node_modules\\ws\\lib\\receiver.js:167:16)\n    at Receiver._write (C:\\Users\\ihedh\\Desktop\\madrasati\\madrasati\\madrasati\\backend\\node_modules\\ws\\lib\\receiver.js:94:10)\n    at writeOrBuffer (node:internal/streams/writable:572:12)\n    at _write (node:internal/streams/writable:501:10)","timestamp":"2025-08-18T18:43:49.319Z"}
{"clientIp":"::1","error":"camera is not defined","level":"error","message":"Error processing WebSocket message","stack":"ReferenceError: camera is not defined\n    at WebSocket.<anonymous> (C:\\Users\\ihedh\\Desktop\\madrasati\\madrasati\\madrasati\\backend\\server.js:75:9)\n    at WebSocket.emit (node:events:518:28)\n    at Receiver.receiverOnMessage (C:\\Users\\ihedh\\Desktop\\madrasati\\madrasati\\madrasati\\backend\\node_modules\\ws\\lib\\websocket.js:1220:20)\n    at Receiver.emit (node:events:518:28)\n    at Receiver.dataMessage (C:\\Users\\ihedh\\Desktop\\madrasati\\madrasati\\madrasati\\backend\\node_modules\\ws\\lib\\receiver.js:596:14)\n    at Receiver.getData (C:\\Users\\ihedh\\Desktop\\madrasati\\madrasati\\madrasati\\backend\\node_modules\\ws\\lib\\receiver.js:496:10)\n    at Receiver.startLoop (C:\\Users\\ihedh\\Desktop\\madrasati\\madrasati\\madrasati\\backend\\node_modules\\ws\\lib\\receiver.js:167:16)\n    at Receiver._write (C:\\Users\\ihedh\\Desktop\\madrasati\\madrasati\\madrasati\\backend\\node_modules\\ws\\lib\\receiver.js:94:10)\n    at writeOrBuffer (node:internal/streams/writable:572:12)\n    at _write (node:internal/streams/writable:501:10)","timestamp":"2025-08-18T18:43:49.724Z"}
{"clientIp":"::1","error":"camera is not defined","level":"error","message":"Error processing WebSocket message","stack":"ReferenceError: camera is not defined\n    at WebSocket.<anonymous> (C:\\Users\\ihedh\\Desktop\\madrasati\\madrasati\\madrasati\\backend\\server.js:75:9)\n    at WebSocket.emit (node:events:518:28)\n    at Receiver.receiverOnMessage (C:\\Users\\ihedh\\Desktop\\madrasati\\madrasati\\madrasati\\backend\\node_modules\\ws\\lib\\websocket.js:1220:20)\n    at Receiver.emit (node:events:518:28)\n    at Receiver.dataMessage (C:\\Users\\ihedh\\Desktop\\madrasati\\madrasati\\madrasati\\backend\\node_modules\\ws\\lib\\receiver.js:596:14)\n    at Receiver.getData (C:\\Users\\ihedh\\Desktop\\madrasati\\madrasati\\madrasati\\backend\\node_modules\\ws\\lib\\receiver.js:496:10)\n    at Receiver.startLoop (C:\\Users\\ihedh\\Desktop\\madrasati\\madrasati\\madrasati\\backend\\node_modules\\ws\\lib\\receiver.js:167:16)\n    at Receiver._write (C:\\Users\\ihedh\\Desktop\\madrasati\\madrasati\\madrasati\\backend\\node_modules\\ws\\lib\\receiver.js:94:10)\n    at writeOrBuffer (node:internal/streams/writable:572:12)\n    at _write (node:internal/streams/writable:501:10)","timestamp":"2025-08-18T18:43:50.342Z"}
{"clientIp":"::1","error":"camera is not defined","level":"error","message":"Error processing WebSocket message","stack":"ReferenceError: camera is not defined\n    at WebSocket.<anonymous> (C:\\Users\\ihedh\\Desktop\\madrasati\\madrasati\\madrasati\\backend\\server.js:75:9)\n    at WebSocket.emit (node:events:518:28)\n    at Receiver.receiverOnMessage (C:\\Users\\ihedh\\Desktop\\madrasati\\madrasati\\madrasati\\backend\\node_modules\\ws\\lib\\websocket.js:1220:20)\n    at Receiver.emit (node:events:518:28)\n    at Receiver.dataMessage (C:\\Users\\ihedh\\Desktop\\madrasati\\madrasati\\madrasati\\backend\\node_modules\\ws\\lib\\receiver.js:596:14)\n    at Receiver.getData (C:\\Users\\ihedh\\Desktop\\madrasati\\madrasati\\madrasati\\backend\\node_modules\\ws\\lib\\receiver.js:496:10)\n    at Receiver.startLoop (C:\\Users\\ihedh\\Desktop\\madrasati\\madrasati\\madrasati\\backend\\node_modules\\ws\\lib\\receiver.js:167:16)\n    at Receiver._write (C:\\Users\\ihedh\\Desktop\\madrasati\\madrasati\\madrasati\\backend\\node_modules\\ws\\lib\\receiver.js:94:10)\n    at writeOrBuffer (node:internal/streams/writable:572:12)\n    at _write (node:internal/streams/writable:501:10)","timestamp":"2025-08-18T18:43:50.744Z"}
{"clientIp":"::1","error":"camera is not defined","level":"error","message":"Error processing WebSocket message","stack":"ReferenceError: camera is not defined\n    at WebSocket.<anonymous> (C:\\Users\\ihedh\\Desktop\\madrasati\\madrasati\\madrasati\\backend\\server.js:75:9)\n    at WebSocket.emit (node:events:518:28)\n    at Receiver.receiverOnMessage (C:\\Users\\ihedh\\Desktop\\madrasati\\madrasati\\madrasati\\backend\\node_modules\\ws\\lib\\websocket.js:1220:20)\n    at Receiver.emit (node:events:518:28)\n    at Receiver.dataMessage (C:\\Users\\ihedh\\Desktop\\madrasati\\madrasati\\madrasati\\backend\\node_modules\\ws\\lib\\receiver.js:596:14)\n    at Receiver.getData (C:\\Users\\ihedh\\Desktop\\madrasati\\madrasati\\madrasati\\backend\\node_modules\\ws\\lib\\receiver.js:496:10)\n    at Receiver.startLoop (C:\\Users\\ihedh\\Desktop\\madrasati\\madrasati\\madrasati\\backend\\node_modules\\ws\\lib\\receiver.js:167:16)\n    at Receiver._write (C:\\Users\\ihedh\\Desktop\\madrasati\\madrasati\\madrasati\\backend\\node_modules\\ws\\lib\\receiver.js:94:10)\n    at writeOrBuffer (node:internal/streams/writable:572:12)\n    at _write (node:internal/streams/writable:501:10)","timestamp":"2025-08-18T18:43:51.396Z"}
{"clientIp":"::1","error":"camera is not defined","level":"error","message":"Error processing WebSocket message","stack":"ReferenceError: camera is not defined\n    at WebSocket.<anonymous> (C:\\Users\\ihedh\\Desktop\\madrasati\\madrasati\\madrasati\\backend\\server.js:75:9)\n    at WebSocket.emit (node:events:518:28)\n    at Receiver.receiverOnMessage (C:\\Users\\ihedh\\Desktop\\madrasati\\madrasati\\madrasati\\backend\\node_modules\\ws\\lib\\websocket.js:1220:20)\n    at Receiver.emit (node:events:518:28)\n    at Receiver.dataMessage (C:\\Users\\ihedh\\Desktop\\madrasati\\madrasati\\madrasati\\backend\\node_modules\\ws\\lib\\receiver.js:596:14)\n    at Receiver.getData (C:\\Users\\ihedh\\Desktop\\madrasati\\madrasati\\madrasati\\backend\\node_modules\\ws\\lib\\receiver.js:496:10)\n    at Receiver.startLoop (C:\\Users\\ihedh\\Desktop\\madrasati\\madrasati\\madrasati\\backend\\node_modules\\ws\\lib\\receiver.js:167:16)\n    at Receiver._write (C:\\Users\\ihedh\\Desktop\\madrasati\\madrasati\\madrasati\\backend\\node_modules\\ws\\lib\\receiver.js:94:10)\n    at writeOrBuffer (node:internal/streams/writable:572:12)\n    at _write (node:internal/streams/writable:501:10)","timestamp":"2025-08-18T18:43:51.789Z"}
{"clientIp":"::1","error":"camera is not defined","level":"error","message":"Error processing WebSocket message","stack":"ReferenceError: camera is not defined\n    at WebSocket.<anonymous> (C:\\Users\\ihedh\\Desktop\\madrasati\\madrasati\\madrasati\\backend\\server.js:75:9)\n    at WebSocket.emit (node:events:518:28)\n    at Receiver.receiverOnMessage (C:\\Users\\ihedh\\Desktop\\madrasati\\madrasati\\madrasati\\backend\\node_modules\\ws\\lib\\websocket.js:1220:20)\n    at Receiver.emit (node:events:518:28)\n    at Receiver.dataMessage (C:\\Users\\ihedh\\Desktop\\madrasati\\madrasati\\madrasati\\backend\\node_modules\\ws\\lib\\receiver.js:596:14)\n    at Receiver.getData (C:\\Users\\ihedh\\Desktop\\madrasati\\madrasati\\madrasati\\backend\\node_modules\\ws\\lib\\receiver.js:496:10)\n    at Receiver.startLoop (C:\\Users\\ihedh\\Desktop\\madrasati\\madrasati\\madrasati\\backend\\node_modules\\ws\\lib\\receiver.js:167:16)\n    at Receiver._write (C:\\Users\\ihedh\\Desktop\\madrasati\\madrasati\\madrasati\\backend\\node_modules\\ws\\lib\\receiver.js:94:10)\n    at writeOrBuffer (node:internal/streams/writable:572:12)\n    at _write (node:internal/streams/writable:501:10)","timestamp":"2025-08-18T18:43:52.504Z"}
{"clientIp":"::1","error":"camera is not defined","level":"error","message":"Error processing WebSocket message","stack":"ReferenceError: camera is not defined\n    at WebSocket.<anonymous> (C:\\Users\\ihedh\\Desktop\\madrasati\\madrasati\\madrasati\\backend\\server.js:75:9)\n    at WebSocket.emit (node:events:518:28)\n    at Receiver.receiverOnMessage (C:\\Users\\ihedh\\Desktop\\madrasati\\madrasati\\madrasati\\backend\\node_modules\\ws\\lib\\websocket.js:1220:20)\n    at Receiver.emit (node:events:518:28)\n    at Receiver.dataMessage (C:\\Users\\ihedh\\Desktop\\madrasati\\madrasati\\madrasati\\backend\\node_modules\\ws\\lib\\receiver.js:596:14)\n    at Receiver.getData (C:\\Users\\ihedh\\Desktop\\madrasati\\madrasati\\madrasati\\backend\\node_modules\\ws\\lib\\receiver.js:496:10)\n    at Receiver.startLoop (C:\\Users\\ihedh\\Desktop\\madrasati\\madrasati\\madrasati\\backend\\node_modules\\ws\\lib\\receiver.js:167:16)\n    at Receiver._write (C:\\Users\\ihedh\\Desktop\\madrasati\\madrasati\\madrasati\\backend\\node_modules\\ws\\lib\\receiver.js:94:10)\n    at writeOrBuffer (node:internal/streams/writable:572:12)\n    at _write (node:internal/streams/writable:501:10)","timestamp":"2025-08-18T18:43:53.040Z"}
{"clientIp":"::1","error":"camera is not defined","level":"error","message":"Error processing WebSocket message","stack":"ReferenceError: camera is not defined\n    at WebSocket.<anonymous> (C:\\Users\\ihedh\\Desktop\\madrasati\\madrasati\\madrasati\\backend\\server.js:75:9)\n    at WebSocket.emit (node:events:518:28)\n    at Receiver.receiverOnMessage (C:\\Users\\ihedh\\Desktop\\madrasati\\madrasati\\madrasati\\backend\\node_modules\\ws\\lib\\websocket.js:1220:20)\n    at Receiver.emit (node:events:518:28)\n    at Receiver.dataMessage (C:\\Users\\ihedh\\Desktop\\madrasati\\madrasati\\madrasati\\backend\\node_modules\\ws\\lib\\receiver.js:596:14)\n    at Receiver.getData (C:\\Users\\ihedh\\Desktop\\madrasati\\madrasati\\madrasati\\backend\\node_modules\\ws\\lib\\receiver.js:496:10)\n    at Receiver.startLoop (C:\\Users\\ihedh\\Desktop\\madrasati\\madrasati\\madrasati\\backend\\node_modules\\ws\\lib\\receiver.js:167:16)\n    at Receiver._write (C:\\Users\\ihedh\\Desktop\\madrasati\\madrasati\\madrasati\\backend\\node_modules\\ws\\lib\\receiver.js:94:10)\n    at writeOrBuffer (node:internal/streams/writable:572:12)\n    at _write (node:internal/streams/writable:501:10)","timestamp":"2025-08-18T18:43:53.716Z"}
{"clientIp":"::1","error":"camera is not defined","level":"error","message":"Error processing WebSocket message","stack":"ReferenceError: camera is not defined\n    at WebSocket.<anonymous> (C:\\Users\\ihedh\\Desktop\\madrasati\\madrasati\\madrasati\\backend\\server.js:75:9)\n    at WebSocket.emit (node:events:518:28)\n    at Receiver.receiverOnMessage (C:\\Users\\ihedh\\Desktop\\madrasati\\madrasati\\madrasati\\backend\\node_modules\\ws\\lib\\websocket.js:1220:20)\n    at Receiver.emit (node:events:518:28)\n    at Receiver.dataMessage (C:\\Users\\ihedh\\Desktop\\madrasati\\madrasati\\madrasati\\backend\\node_modules\\ws\\lib\\receiver.js:596:14)\n    at Receiver.getData (C:\\Users\\ihedh\\Desktop\\madrasati\\madrasati\\madrasati\\backend\\node_modules\\ws\\lib\\receiver.js:496:10)\n    at Receiver.startLoop (C:\\Users\\ihedh\\Desktop\\madrasati\\madrasati\\madrasati\\backend\\node_modules\\ws\\lib\\receiver.js:167:16)\n    at Receiver._write (C:\\Users\\ihedh\\Desktop\\madrasati\\madrasati\\madrasati\\backend\\node_modules\\ws\\lib\\receiver.js:94:10)\n    at writeOrBuffer (node:internal/streams/writable:572:12)\n    at _write (node:internal/streams/writable:501:10)","timestamp":"2025-08-18T18:43:54.119Z"}
{"clientIp":"::1","error":"camera is not defined","level":"error","message":"Error processing WebSocket message","stack":"ReferenceError: camera is not defined\n    at WebSocket.<anonymous> (C:\\Users\\ihedh\\Desktop\\madrasati\\madrasati\\madrasati\\backend\\server.js:75:9)\n    at WebSocket.emit (node:events:518:28)\n    at Receiver.receiverOnMessage (C:\\Users\\ihedh\\Desktop\\madrasati\\madrasati\\madrasati\\backend\\node_modules\\ws\\lib\\websocket.js:1220:20)\n    at Receiver.emit (node:events:518:28)\n    at Receiver.dataMessage (C:\\Users\\ihedh\\Desktop\\madrasati\\madrasati\\madrasati\\backend\\node_modules\\ws\\lib\\receiver.js:596:14)\n    at Receiver.getData (C:\\Users\\ihedh\\Desktop\\madrasati\\madrasati\\madrasati\\backend\\node_modules\\ws\\lib\\receiver.js:496:10)\n    at Receiver.startLoop (C:\\Users\\ihedh\\Desktop\\madrasati\\madrasati\\madrasati\\backend\\node_modules\\ws\\lib\\receiver.js:167:16)\n    at Receiver._write (C:\\Users\\ihedh\\Desktop\\madrasati\\madrasati\\madrasati\\backend\\node_modules\\ws\\lib\\receiver.js:94:10)\n    at writeOrBuffer (node:internal/streams/writable:572:12)\n    at _write (node:internal/streams/writable:501:10)","timestamp":"2025-08-18T18:43:54.789Z"}
{"clientIp":"::1","error":"camera is not defined","level":"error","message":"Error processing WebSocket message","stack":"ReferenceError: camera is not defined\n    at WebSocket.<anonymous> (C:\\Users\\ihedh\\Desktop\\madrasati\\madrasati\\madrasati\\backend\\server.js:75:9)\n    at WebSocket.emit (node:events:518:28)\n    at Receiver.receiverOnMessage (C:\\Users\\ihedh\\Desktop\\madrasati\\madrasati\\madrasati\\backend\\node_modules\\ws\\lib\\websocket.js:1220:20)\n    at Receiver.emit (node:events:518:28)\n    at Receiver.dataMessage (C:\\Users\\ihedh\\Desktop\\madrasati\\madrasati\\madrasati\\backend\\node_modules\\ws\\lib\\receiver.js:596:14)\n    at Receiver.getData (C:\\Users\\ihedh\\Desktop\\madrasati\\madrasati\\madrasati\\backend\\node_modules\\ws\\lib\\receiver.js:496:10)\n    at Receiver.startLoop (C:\\Users\\ihedh\\Desktop\\madrasati\\madrasati\\madrasati\\backend\\node_modules\\ws\\lib\\receiver.js:167:16)\n    at Receiver._write (C:\\Users\\ihedh\\Desktop\\madrasati\\madrasati\\madrasati\\backend\\node_modules\\ws\\lib\\receiver.js:94:10)\n    at writeOrBuffer (node:internal/streams/writable:572:12)\n    at _write (node:internal/streams/writable:501:10)","timestamp":"2025-08-18T18:43:55.246Z"}
{"clientIp":"::1","error":"camera is not defined","level":"error","message":"Error processing WebSocket message","stack":"ReferenceError: camera is not defined\n    at WebSocket.<anonymous> (C:\\Users\\ihedh\\Desktop\\madrasati\\madrasati\\madrasati\\backend\\server.js:75:9)\n    at WebSocket.emit (node:events:518:28)\n    at Receiver.receiverOnMessage (C:\\Users\\ihedh\\Desktop\\madrasati\\madrasati\\madrasati\\backend\\node_modules\\ws\\lib\\websocket.js:1220:20)\n    at Receiver.emit (node:events:518:28)\n    at Receiver.dataMessage (C:\\Users\\ihedh\\Desktop\\madrasati\\madrasati\\madrasati\\backend\\node_modules\\ws\\lib\\receiver.js:596:14)\n    at Receiver.getData (C:\\Users\\ihedh\\Desktop\\madrasati\\madrasati\\madrasati\\backend\\node_modules\\ws\\lib\\receiver.js:496:10)\n    at Receiver.startLoop (C:\\Users\\ihedh\\Desktop\\madrasati\\madrasati\\madrasati\\backend\\node_modules\\ws\\lib\\receiver.js:167:16)\n    at Receiver._write (C:\\Users\\ihedh\\Desktop\\madrasati\\madrasati\\madrasati\\backend\\node_modules\\ws\\lib\\receiver.js:94:10)\n    at writeOrBuffer (node:internal/streams/writable:572:12)\n    at _write (node:internal/streams/writable:501:10)","timestamp":"2025-08-18T18:43:55.881Z"}
{"clientIp":"::1","error":"camera is not defined","level":"error","message":"Error processing WebSocket message","stack":"ReferenceError: camera is not defined\n    at WebSocket.<anonymous> (C:\\Users\\ihedh\\Desktop\\madrasati\\madrasati\\madrasati\\backend\\server.js:75:9)\n    at WebSocket.emit (node:events:518:28)\n    at Receiver.receiverOnMessage (C:\\Users\\ihedh\\Desktop\\madrasati\\madrasati\\madrasati\\backend\\node_modules\\ws\\lib\\websocket.js:1220:20)\n    at Receiver.emit (node:events:518:28)\n    at Receiver.dataMessage (C:\\Users\\ihedh\\Desktop\\madrasati\\madrasati\\madrasati\\backend\\node_modules\\ws\\lib\\receiver.js:596:14)\n    at Receiver.getData (C:\\Users\\ihedh\\Desktop\\madrasati\\madrasati\\madrasati\\backend\\node_modules\\ws\\lib\\receiver.js:496:10)\n    at Receiver.startLoop (C:\\Users\\ihedh\\Desktop\\madrasati\\madrasati\\madrasati\\backend\\node_modules\\ws\\lib\\receiver.js:167:16)\n    at Receiver._write (C:\\Users\\ihedh\\Desktop\\madrasati\\madrasati\\madrasati\\backend\\node_modules\\ws\\lib\\receiver.js:94:10)\n    at writeOrBuffer (node:internal/streams/writable:572:12)\n    at _write (node:internal/streams/writable:501:10)","timestamp":"2025-08-18T18:43:56.284Z"}
{"clientIp":"::1","error":"camera is not defined","level":"error","message":"Error processing WebSocket message","stack":"ReferenceError: camera is not defined\n    at WebSocket.<anonymous> (C:\\Users\\ihedh\\Desktop\\madrasati\\madrasati\\madrasati\\backend\\server.js:75:9)\n    at WebSocket.emit (node:events:518:28)\n    at Receiver.receiverOnMessage (C:\\Users\\ihedh\\Desktop\\madrasati\\madrasati\\madrasati\\backend\\node_modules\\ws\\lib\\websocket.js:1220:20)\n    at Receiver.emit (node:events:518:28)\n    at Receiver.dataMessage (C:\\Users\\ihedh\\Desktop\\madrasati\\madrasati\\madrasati\\backend\\node_modules\\ws\\lib\\receiver.js:596:14)\n    at Receiver.getData (C:\\Users\\ihedh\\Desktop\\madrasati\\madrasati\\madrasati\\backend\\node_modules\\ws\\lib\\receiver.js:496:10)\n    at Receiver.startLoop (C:\\Users\\ihedh\\Desktop\\madrasati\\madrasati\\madrasati\\backend\\node_modules\\ws\\lib\\receiver.js:167:16)\n    at Receiver._write (C:\\Users\\ihedh\\Desktop\\madrasati\\madrasati\\madrasati\\backend\\node_modules\\ws\\lib\\receiver.js:94:10)\n    at writeOrBuffer (node:internal/streams/writable:572:12)\n    at _write (node:internal/streams/writable:501:10)","timestamp":"2025-08-18T18:43:56.957Z"}
{"clientIp":"::1","error":"camera is not defined","level":"error","message":"Error processing WebSocket message","stack":"ReferenceError: camera is not defined\n    at WebSocket.<anonymous> (C:\\Users\\ihedh\\Desktop\\madrasati\\madrasati\\madrasati\\backend\\server.js:75:9)\n    at WebSocket.emit (node:events:518:28)\n    at Receiver.receiverOnMessage (C:\\Users\\ihedh\\Desktop\\madrasati\\madrasati\\madrasati\\backend\\node_modules\\ws\\lib\\websocket.js:1220:20)\n    at Receiver.emit (node:events:518:28)\n    at Receiver.dataMessage (C:\\Users\\ihedh\\Desktop\\madrasati\\madrasati\\madrasati\\backend\\node_modules\\ws\\lib\\receiver.js:596:14)\n    at Receiver.getData (C:\\Users\\ihedh\\Desktop\\madrasati\\madrasati\\madrasati\\backend\\node_modules\\ws\\lib\\receiver.js:496:10)\n    at Receiver.startLoop (C:\\Users\\ihedh\\Desktop\\madrasati\\madrasati\\madrasati\\backend\\node_modules\\ws\\lib\\receiver.js:167:16)\n    at Receiver._write (C:\\Users\\ihedh\\Desktop\\madrasati\\madrasati\\madrasati\\backend\\node_modules\\ws\\lib\\receiver.js:94:10)\n    at writeOrBuffer (node:internal/streams/writable:572:12)\n    at _write (node:internal/streams/writable:501:10)","timestamp":"2025-08-18T18:43:57.381Z"}
{"clientIp":"::1","error":"camera is not defined","level":"error","message":"Error processing WebSocket message","stack":"ReferenceError: camera is not defined\n    at WebSocket.<anonymous> (C:\\Users\\ihedh\\Desktop\\madrasati\\madrasati\\madrasati\\backend\\server.js:75:9)\n    at WebSocket.emit (node:events:518:28)\n    at Receiver.receiverOnMessage (C:\\Users\\ihedh\\Desktop\\madrasati\\madrasati\\madrasati\\backend\\node_modules\\ws\\lib\\websocket.js:1220:20)\n    at Receiver.emit (node:events:518:28)\n    at Receiver.dataMessage (C:\\Users\\ihedh\\Desktop\\madrasati\\madrasati\\madrasati\\backend\\node_modules\\ws\\lib\\receiver.js:596:14)\n    at Receiver.getData (C:\\Users\\ihedh\\Desktop\\madrasati\\madrasati\\madrasati\\backend\\node_modules\\ws\\lib\\receiver.js:496:10)\n    at Receiver.startLoop (C:\\Users\\ihedh\\Desktop\\madrasati\\madrasati\\madrasati\\backend\\node_modules\\ws\\lib\\receiver.js:167:16)\n    at Receiver._write (C:\\Users\\ihedh\\Desktop\\madrasati\\madrasati\\madrasati\\backend\\node_modules\\ws\\lib\\receiver.js:94:10)\n    at writeOrBuffer (node:internal/streams/writable:572:12)\n    at _write (node:internal/streams/writable:501:10)","timestamp":"2025-08-18T18:43:58.060Z"}
{"clientIp":"::1","error":"camera is not defined","level":"error","message":"Error processing WebSocket message","stack":"ReferenceError: camera is not defined\n    at WebSocket.<anonymous> (C:\\Users\\ihedh\\Desktop\\madrasati\\madrasati\\madrasati\\backend\\server.js:75:9)\n    at WebSocket.emit (node:events:518:28)\n    at Receiver.receiverOnMessage (C:\\Users\\ihedh\\Desktop\\madrasati\\madrasati\\madrasati\\backend\\node_modules\\ws\\lib\\websocket.js:1220:20)\n    at Receiver.emit (node:events:518:28)\n    at Receiver.dataMessage (C:\\Users\\ihedh\\Desktop\\madrasati\\madrasati\\madrasati\\backend\\node_modules\\ws\\lib\\receiver.js:596:14)\n    at Receiver.getData (C:\\Users\\ihedh\\Desktop\\madrasati\\madrasati\\madrasati\\backend\\node_modules\\ws\\lib\\receiver.js:496:10)\n    at Receiver.startLoop (C:\\Users\\ihedh\\Desktop\\madrasati\\madrasati\\madrasati\\backend\\node_modules\\ws\\lib\\receiver.js:167:16)\n    at Receiver._write (C:\\Users\\ihedh\\Desktop\\madrasati\\madrasati\\madrasati\\backend\\node_modules\\ws\\lib\\receiver.js:94:10)\n    at writeOrBuffer (node:internal/streams/writable:572:12)\n    at _write (node:internal/streams/writable:501:10)","timestamp":"2025-08-18T18:43:58.483Z"}
{"clientIp":"::1","error":"camera is not defined","level":"error","message":"Error processing WebSocket message","stack":"ReferenceError: camera is not defined\n    at WebSocket.<anonymous> (C:\\Users\\ihedh\\Desktop\\madrasati\\madrasati\\madrasati\\backend\\server.js:75:9)\n    at WebSocket.emit (node:events:518:28)\n    at Receiver.receiverOnMessage (C:\\Users\\ihedh\\Desktop\\madrasati\\madrasati\\madrasati\\backend\\node_modules\\ws\\lib\\websocket.js:1220:20)\n    at Receiver.emit (node:events:518:28)\n    at Receiver.dataMessage (C:\\Users\\ihedh\\Desktop\\madrasati\\madrasati\\madrasati\\backend\\node_modules\\ws\\lib\\receiver.js:596:14)\n    at Receiver.getData (C:\\Users\\ihedh\\Desktop\\madrasati\\madrasati\\madrasati\\backend\\node_modules\\ws\\lib\\receiver.js:496:10)\n    at Receiver.startLoop (C:\\Users\\ihedh\\Desktop\\madrasati\\madrasati\\madrasati\\backend\\node_modules\\ws\\lib\\receiver.js:167:16)\n    at Receiver._write (C:\\Users\\ihedh\\Desktop\\madrasati\\madrasati\\madrasati\\backend\\node_modules\\ws\\lib\\receiver.js:94:10)\n    at writeOrBuffer (node:internal/streams/writable:572:12)\n    at _write (node:internal/streams/writable:501:10)","timestamp":"2025-08-18T18:43:59.156Z"}
{"clientIp":"::1","error":"camera is not defined","level":"error","message":"Error processing WebSocket message","stack":"ReferenceError: camera is not defined\n    at WebSocket.<anonymous> (C:\\Users\\ihedh\\Desktop\\madrasati\\madrasati\\madrasati\\backend\\server.js:75:9)\n    at WebSocket.emit (node:events:518:28)\n    at Receiver.receiverOnMessage (C:\\Users\\ihedh\\Desktop\\madrasati\\madrasati\\madrasati\\backend\\node_modules\\ws\\lib\\websocket.js:1220:20)\n    at Receiver.emit (node:events:518:28)\n    at Receiver.dataMessage (C:\\Users\\ihedh\\Desktop\\madrasati\\madrasati\\madrasati\\backend\\node_modules\\ws\\lib\\receiver.js:596:14)\n    at Receiver.getData (C:\\Users\\ihedh\\Desktop\\madrasati\\madrasati\\madrasati\\backend\\node_modules\\ws\\lib\\receiver.js:496:10)\n    at Receiver.startLoop (C:\\Users\\ihedh\\Desktop\\madrasati\\madrasati\\madrasati\\backend\\node_modules\\ws\\lib\\receiver.js:167:16)\n    at Receiver._write (C:\\Users\\ihedh\\Desktop\\madrasati\\madrasati\\madrasati\\backend\\node_modules\\ws\\lib\\receiver.js:94:10)\n    at writeOrBuffer (node:internal/streams/writable:572:12)\n    at _write (node:internal/streams/writable:501:10)","timestamp":"2025-08-18T18:43:59.575Z"}
{"clientIp":"::1","error":"camera is not defined","level":"error","message":"Error processing WebSocket message","stack":"ReferenceError: camera is not defined\n    at WebSocket.<anonymous> (C:\\Users\\ihedh\\Desktop\\madrasati\\madrasati\\madrasati\\backend\\server.js:75:9)\n    at WebSocket.emit (node:events:518:28)\n    at Receiver.receiverOnMessage (C:\\Users\\ihedh\\Desktop\\madrasati\\madrasati\\madrasati\\backend\\node_modules\\ws\\lib\\websocket.js:1220:20)\n    at Receiver.emit (node:events:518:28)\n    at Receiver.dataMessage (C:\\Users\\ihedh\\Desktop\\madrasati\\madrasati\\madrasati\\backend\\node_modules\\ws\\lib\\receiver.js:596:14)\n    at Receiver.getData (C:\\Users\\ihedh\\Desktop\\madrasati\\madrasati\\madrasati\\backend\\node_modules\\ws\\lib\\receiver.js:496:10)\n    at Receiver.startLoop (C:\\Users\\ihedh\\Desktop\\madrasati\\madrasati\\madrasati\\backend\\node_modules\\ws\\lib\\receiver.js:167:16)\n    at Receiver._write (C:\\Users\\ihedh\\Desktop\\madrasati\\madrasati\\madrasati\\backend\\node_modules\\ws\\lib\\receiver.js:94:10)\n    at writeOrBuffer (node:internal/streams/writable:572:12)\n    at _write (node:internal/streams/writable:501:10)","timestamp":"2025-08-18T18:44:00.264Z"}
{"clientIp":"::1","error":"camera is not defined","level":"error","message":"Error processing WebSocket message","stack":"ReferenceError: camera is not defined\n    at WebSocket.<anonymous> (C:\\Users\\ihedh\\Desktop\\madrasati\\madrasati\\madrasati\\backend\\server.js:75:9)\n    at WebSocket.emit (node:events:518:28)\n    at Receiver.receiverOnMessage (C:\\Users\\ihedh\\Desktop\\madrasati\\madrasati\\madrasati\\backend\\node_modules\\ws\\lib\\websocket.js:1220:20)\n    at Receiver.emit (node:events:518:28)\n    at Receiver.dataMessage (C:\\Users\\ihedh\\Desktop\\madrasati\\madrasati\\madrasati\\backend\\node_modules\\ws\\lib\\receiver.js:596:14)\n    at Receiver.getData (C:\\Users\\ihedh\\Desktop\\madrasati\\madrasati\\madrasati\\backend\\node_modules\\ws\\lib\\receiver.js:496:10)\n    at Receiver.startLoop (C:\\Users\\ihedh\\Desktop\\madrasati\\madrasati\\madrasati\\backend\\node_modules\\ws\\lib\\receiver.js:167:16)\n    at Receiver._write (C:\\Users\\ihedh\\Desktop\\madrasati\\madrasati\\madrasati\\backend\\node_modules\\ws\\lib\\receiver.js:94:10)\n    at writeOrBuffer (node:internal/streams/writable:572:12)\n    at _write (node:internal/streams/writable:501:10)","timestamp":"2025-08-18T18:44:00.675Z"}
{"clientIp":"::1","error":"camera is not defined","level":"error","message":"Error processing WebSocket message","stack":"ReferenceError: camera is not defined\n    at WebSocket.<anonymous> (C:\\Users\\ihedh\\Desktop\\madrasati\\madrasati\\madrasati\\backend\\server.js:75:9)\n    at WebSocket.emit (node:events:518:28)\n    at Receiver.receiverOnMessage (C:\\Users\\ihedh\\Desktop\\madrasati\\madrasati\\madrasati\\backend\\node_modules\\ws\\lib\\websocket.js:1220:20)\n    at Receiver.emit (node:events:518:28)\n    at Receiver.dataMessage (C:\\Users\\ihedh\\Desktop\\madrasati\\madrasati\\madrasati\\backend\\node_modules\\ws\\lib\\receiver.js:596:14)\n    at Receiver.getData (C:\\Users\\ihedh\\Desktop\\madrasati\\madrasati\\madrasati\\backend\\node_modules\\ws\\lib\\receiver.js:496:10)\n    at Receiver.startLoop (C:\\Users\\ihedh\\Desktop\\madrasati\\madrasati\\madrasati\\backend\\node_modules\\ws\\lib\\receiver.js:167:16)\n    at Receiver._write (C:\\Users\\ihedh\\Desktop\\madrasati\\madrasati\\madrasati\\backend\\node_modules\\ws\\lib\\receiver.js:94:10)\n    at writeOrBuffer (node:internal/streams/writable:572:12)\n    at _write (node:internal/streams/writable:501:10)","timestamp":"2025-08-18T18:44:01.363Z"}
{"clientIp":"::1","error":"camera is not defined","level":"error","message":"Error processing WebSocket message","stack":"ReferenceError: camera is not defined\n    at WebSocket.<anonymous> (C:\\Users\\ihedh\\Desktop\\madrasati\\madrasati\\madrasati\\backend\\server.js:75:9)\n    at WebSocket.emit (node:events:518:28)\n    at Receiver.receiverOnMessage (C:\\Users\\ihedh\\Desktop\\madrasati\\madrasati\\madrasati\\backend\\node_modules\\ws\\lib\\websocket.js:1220:20)\n    at Receiver.emit (node:events:518:28)\n    at Receiver.dataMessage (C:\\Users\\ihedh\\Desktop\\madrasati\\madrasati\\madrasati\\backend\\node_modules\\ws\\lib\\receiver.js:596:14)\n    at Receiver.getData (C:\\Users\\ihedh\\Desktop\\madrasati\\madrasati\\madrasati\\backend\\node_modules\\ws\\lib\\receiver.js:496:10)\n    at Receiver.startLoop (C:\\Users\\ihedh\\Desktop\\madrasati\\madrasati\\madrasati\\backend\\node_modules\\ws\\lib\\receiver.js:167:16)\n    at Receiver._write (C:\\Users\\ihedh\\Desktop\\madrasati\\madrasati\\madrasati\\backend\\node_modules\\ws\\lib\\receiver.js:94:10)\n    at writeOrBuffer (node:internal/streams/writable:572:12)\n    at _write (node:internal/streams/writable:501:10)","timestamp":"2025-08-18T18:44:01.765Z"}
{"clientIp":"::1","error":"camera is not defined","level":"error","message":"Error processing WebSocket message","stack":"ReferenceError: camera is not defined\n    at WebSocket.<anonymous> (C:\\Users\\ihedh\\Desktop\\madrasati\\madrasati\\madrasati\\backend\\server.js:75:9)\n    at WebSocket.emit (node:events:518:28)\n    at Receiver.receiverOnMessage (C:\\Users\\ihedh\\Desktop\\madrasati\\madrasati\\madrasati\\backend\\node_modules\\ws\\lib\\websocket.js:1220:20)\n    at Receiver.emit (node:events:518:28)\n    at Receiver.dataMessage (C:\\Users\\ihedh\\Desktop\\madrasati\\madrasati\\madrasati\\backend\\node_modules\\ws\\lib\\receiver.js:596:14)\n    at Receiver.getData (C:\\Users\\ihedh\\Desktop\\madrasati\\madrasati\\madrasati\\backend\\node_modules\\ws\\lib\\receiver.js:496:10)\n    at Receiver.startLoop (C:\\Users\\ihedh\\Desktop\\madrasati\\madrasati\\madrasati\\backend\\node_modules\\ws\\lib\\receiver.js:167:16)\n    at Receiver._write (C:\\Users\\ihedh\\Desktop\\madrasati\\madrasati\\madrasati\\backend\\node_modules\\ws\\lib\\receiver.js:94:10)\n    at writeOrBuffer (node:internal/streams/writable:572:12)\n    at _write (node:internal/streams/writable:501:10)","timestamp":"2025-08-18T18:44:02.438Z"}
{"clientIp":"::1","error":"camera is not defined","level":"error","message":"Error processing WebSocket message","stack":"ReferenceError: camera is not defined\n    at WebSocket.<anonymous> (C:\\Users\\ihedh\\Desktop\\madrasati\\madrasati\\madrasati\\backend\\server.js:75:9)\n    at WebSocket.emit (node:events:518:28)\n    at Receiver.receiverOnMessage (C:\\Users\\ihedh\\Desktop\\madrasati\\madrasati\\madrasati\\backend\\node_modules\\ws\\lib\\websocket.js:1220:20)\n    at Receiver.emit (node:events:518:28)\n    at Receiver.dataMessage (C:\\Users\\ihedh\\Desktop\\madrasati\\madrasati\\madrasati\\backend\\node_modules\\ws\\lib\\receiver.js:596:14)\n    at Receiver.getData (C:\\Users\\ihedh\\Desktop\\madrasati\\madrasati\\madrasati\\backend\\node_modules\\ws\\lib\\receiver.js:496:10)\n    at Receiver.startLoop (C:\\Users\\ihedh\\Desktop\\madrasati\\madrasati\\madrasati\\backend\\node_modules\\ws\\lib\\receiver.js:167:16)\n    at Receiver._write (C:\\Users\\ihedh\\Desktop\\madrasati\\madrasati\\madrasati\\backend\\node_modules\\ws\\lib\\receiver.js:94:10)\n    at writeOrBuffer (node:internal/streams/writable:572:12)\n    at _write (node:internal/streams/writable:501:10)","timestamp":"2025-08-18T18:44:02.837Z"}
{"clientIp":"::1","error":"camera is not defined","level":"error","message":"Error processing WebSocket message","stack":"ReferenceError: camera is not defined\n    at WebSocket.<anonymous> (C:\\Users\\ihedh\\Desktop\\madrasati\\madrasati\\madrasati\\backend\\server.js:75:9)\n    at WebSocket.emit (node:events:518:28)\n    at Receiver.receiverOnMessage (C:\\Users\\ihedh\\Desktop\\madrasati\\madrasati\\madrasati\\backend\\node_modules\\ws\\lib\\websocket.js:1220:20)\n    at Receiver.emit (node:events:518:28)\n    at Receiver.dataMessage (C:\\Users\\ihedh\\Desktop\\madrasati\\madrasati\\madrasati\\backend\\node_modules\\ws\\lib\\receiver.js:596:14)\n    at Receiver.getData (C:\\Users\\ihedh\\Desktop\\madrasati\\madrasati\\madrasati\\backend\\node_modules\\ws\\lib\\receiver.js:496:10)\n    at Receiver.startLoop (C:\\Users\\ihedh\\Desktop\\madrasati\\madrasati\\madrasati\\backend\\node_modules\\ws\\lib\\receiver.js:167:16)\n    at Receiver._write (C:\\Users\\ihedh\\Desktop\\madrasati\\madrasati\\madrasati\\backend\\node_modules\\ws\\lib\\receiver.js:94:10)\n    at writeOrBuffer (node:internal/streams/writable:572:12)\n    at _write (node:internal/streams/writable:501:10)","timestamp":"2025-08-18T18:44:03.486Z"}
{"clientIp":"::1","error":"camera is not defined","level":"error","message":"Error processing WebSocket message","stack":"ReferenceError: camera is not defined\n    at WebSocket.<anonymous> (C:\\Users\\ihedh\\Desktop\\madrasati\\madrasati\\madrasati\\backend\\server.js:75:9)\n    at WebSocket.emit (node:events:518:28)\n    at Receiver.receiverOnMessage (C:\\Users\\ihedh\\Desktop\\madrasati\\madrasati\\madrasati\\backend\\node_modules\\ws\\lib\\websocket.js:1220:20)\n    at Receiver.emit (node:events:518:28)\n    at Receiver.dataMessage (C:\\Users\\ihedh\\Desktop\\madrasati\\madrasati\\madrasati\\backend\\node_modules\\ws\\lib\\receiver.js:596:14)\n    at Receiver.getData (C:\\Users\\ihedh\\Desktop\\madrasati\\madrasati\\madrasati\\backend\\node_modules\\ws\\lib\\receiver.js:496:10)\n    at Receiver.startLoop (C:\\Users\\ihedh\\Desktop\\madrasati\\madrasati\\madrasati\\backend\\node_modules\\ws\\lib\\receiver.js:167:16)\n    at Receiver._write (C:\\Users\\ihedh\\Desktop\\madrasati\\madrasati\\madrasati\\backend\\node_modules\\ws\\lib\\receiver.js:94:10)\n    at writeOrBuffer (node:internal/streams/writable:572:12)\n    at _write (node:internal/streams/writable:501:10)","timestamp":"2025-08-18T18:44:03.880Z"}
{"clientIp":"::1","error":"camera is not defined","level":"error","message":"Error processing WebSocket message","stack":"ReferenceError: camera is not defined\n    at WebSocket.<anonymous> (C:\\Users\\ihedh\\Desktop\\madrasati\\madrasati\\madrasati\\backend\\server.js:75:9)\n    at WebSocket.emit (node:events:518:28)\n    at Receiver.receiverOnMessage (C:\\Users\\ihedh\\Desktop\\madrasati\\madrasati\\madrasati\\backend\\node_modules\\ws\\lib\\websocket.js:1220:20)\n    at Receiver.emit (node:events:518:28)\n    at Receiver.dataMessage (C:\\Users\\ihedh\\Desktop\\madrasati\\madrasati\\madrasati\\backend\\node_modules\\ws\\lib\\receiver.js:596:14)\n    at Receiver.getData (C:\\Users\\ihedh\\Desktop\\madrasati\\madrasati\\madrasati\\backend\\node_modules\\ws\\lib\\receiver.js:496:10)\n    at Receiver.startLoop (C:\\Users\\ihedh\\Desktop\\madrasati\\madrasati\\madrasati\\backend\\node_modules\\ws\\lib\\receiver.js:167:16)\n    at Receiver._write (C:\\Users\\ihedh\\Desktop\\madrasati\\madrasati\\madrasati\\backend\\node_modules\\ws\\lib\\receiver.js:94:10)\n    at writeOrBuffer (node:internal/streams/writable:572:12)\n    at _write (node:internal/streams/writable:501:10)","timestamp":"2025-08-18T18:44:04.534Z"}
{"clientIp":"::1","error":"camera is not defined","level":"error","message":"Error processing WebSocket message","stack":"ReferenceError: camera is not defined\n    at WebSocket.<anonymous> (C:\\Users\\ihedh\\Desktop\\madrasati\\madrasati\\madrasati\\backend\\server.js:75:9)\n    at WebSocket.emit (node:events:518:28)\n    at Receiver.receiverOnMessage (C:\\Users\\ihedh\\Desktop\\madrasati\\madrasati\\madrasati\\backend\\node_modules\\ws\\lib\\websocket.js:1220:20)\n    at Receiver.emit (node:events:518:28)\n    at Receiver.dataMessage (C:\\Users\\ihedh\\Desktop\\madrasati\\madrasati\\madrasati\\backend\\node_modules\\ws\\lib\\receiver.js:596:14)\n    at Receiver.getData (C:\\Users\\ihedh\\Desktop\\madrasati\\madrasati\\madrasati\\backend\\node_modules\\ws\\lib\\receiver.js:496:10)\n    at Receiver.startLoop (C:\\Users\\ihedh\\Desktop\\madrasati\\madrasati\\madrasati\\backend\\node_modules\\ws\\lib\\receiver.js:167:16)\n    at Receiver._write (C:\\Users\\ihedh\\Desktop\\madrasati\\madrasati\\madrasati\\backend\\node_modules\\ws\\lib\\receiver.js:94:10)\n    at writeOrBuffer (node:internal/streams/writable:572:12)\n    at _write (node:internal/streams/writable:501:10)","timestamp":"2025-08-18T18:44:04.924Z"}
{"clientIp":"::1","error":"camera is not defined","level":"error","message":"Error processing WebSocket message","stack":"ReferenceError: camera is not defined\n    at WebSocket.<anonymous> (C:\\Users\\ihedh\\Desktop\\madrasati\\madrasati\\madrasati\\backend\\server.js:75:9)\n    at WebSocket.emit (node:events:518:28)\n    at Receiver.receiverOnMessage (C:\\Users\\ihedh\\Desktop\\madrasati\\madrasati\\madrasati\\backend\\node_modules\\ws\\lib\\websocket.js:1220:20)\n    at Receiver.emit (node:events:518:28)\n    at Receiver.dataMessage (C:\\Users\\ihedh\\Desktop\\madrasati\\madrasati\\madrasati\\backend\\node_modules\\ws\\lib\\receiver.js:596:14)\n    at Receiver.getData (C:\\Users\\ihedh\\Desktop\\madrasati\\madrasati\\madrasati\\backend\\node_modules\\ws\\lib\\receiver.js:496:10)\n    at Receiver.startLoop (C:\\Users\\ihedh\\Desktop\\madrasati\\madrasati\\madrasati\\backend\\node_modules\\ws\\lib\\receiver.js:167:16)\n    at Receiver._write (C:\\Users\\ihedh\\Desktop\\madrasati\\madrasati\\madrasati\\backend\\node_modules\\ws\\lib\\receiver.js:94:10)\n    at writeOrBuffer (node:internal/streams/writable:572:12)\n    at _write (node:internal/streams/writable:501:10)","timestamp":"2025-08-18T18:44:05.587Z"}
{"clientIp":"::1","level":"info","message":"WebSocket client disconnected","timestamp":"2025-08-18T18:45:10.086Z"}
{"level":"info","message":"Express server running on port 3000","timestamp":"2025-08-18T18:46:50.717Z"}
{"level":"info","message":"Connected to MongoDB","timestamp":"2025-08-18T18:46:50.748Z"}
{"clientIp":"::1","level":"info","message":"WebSocket client connected","timestamp":"2025-08-18T18:48:01.294Z"}
{"camera_type":"entry","clientIp":"::1","level":"debug","message":"Received attendance data","studentId":"12345","timestamp":"2025-08-18 19:48"}
{"classId":"689df90aef0e930fbf45da1e","clientIp":"::1","level":"debug","message":"Retrieved classId from student","studentId":"12345","timestamp":"2025-08-18T18:48:10.759Z"}
{"camera_type":"entry","classId":"689df90aef0e930fbf45da1e","clientIp":"::1","level":"info","message":"Attendance recorded","studentId":"12345","timestamp":"2025-08-18 19:48"}
{"camera_type":"exit","clientIp":"::1","level":"debug","message":"Received attendance data","studentId":"12345","timestamp":"2025-08-18 19:52"}
{"classId":"689df90aef0e930fbf45da1e","clientIp":"::1","level":"debug","message":"Retrieved classId from student","studentId":"12345","timestamp":"2025-08-18T18:52:21.779Z"}
{"camera_type":"exit","classId":"689df90aef0e930fbf45da1e","clientIp":"::1","level":"info","message":"Attendance recorded","studentId":"12345","timestamp":"2025-08-18 19:52"}
{"camera_type":"entry","clientIp":"::1","level":"debug","message":"Received attendance data","studentId":"12345","timestamp":"2025-08-18 19:53"}
{"classId":"689df90aef0e930fbf45da1e","clientIp":"::1","level":"debug","message":"Retrieved classId from student","studentId":"12345","timestamp":"2025-08-18T18:53:06.520Z"}
{"camera_type":"entry","classId":"689df90aef0e930fbf45da1e","clientIp":"::1","level":"info","message":"Attendance recorded","studentId":"12345","timestamp":"2025-08-18 19:53"}
{"clientIp":"::1","level":"info","message":"WebSocket client disconnected","timestamp":"2025-08-18T18:54:09.692Z"}
{"level":"info","message":"Express server running on port 3000","timestamp":"2025-08-18T19:14:33.672Z"}
{"level":"info","message":"Connected to MongoDB","timestamp":"2025-08-18T19:14:33.818Z"}
{"clientIp":"::1","level":"info","message":"WebSocket client connected","timestamp":"2025-08-18T19:15:08.068Z"}
{"camera_type":"entry","clientIp":"::1","level":"debug","message":"Received attendance data","studentId":"12345","timestamp":"2025-08-18 20:16"}
{"classId":"689df90aef0e930fbf45da1e","clientIp":"::1","level":"debug","message":"Retrieved classId from student","studentId":"12345","timestamp":"2025-08-18T19:16:15.968Z"}
{"camera_type":"entry","classId":"689df90aef0e930fbf45da1e","clientIp":"::1","level":"info","message":"Attendance recorded","studentId":"12345","timestamp":"2025-08-18 20:16"}
{"camera_type":"exit","clientIp":"::1","level":"debug","message":"Received attendance data","studentId":"12345","timestamp":"2025-08-18 20:16"}
{"classId":"689df90aef0e930fbf45da1e","clientIp":"::1","level":"debug","message":"Retrieved classId from student","studentId":"12345","timestamp":"2025-08-18T19:16:51.090Z"}
{"camera_type":"exit","classId":"689df90aef0e930fbf45da1e","clientIp":"::1","level":"info","message":"Attendance recorded","studentId":"12345","timestamp":"2025-08-18 20:16"}
{"camera_type":"entry","clientIp":"::1","level":"debug","message":"Received attendance data","studentId":"12345","timestamp":"2025-08-18 20:17"}
{"classId":"689df90aef0e930fbf45da1e","clientIp":"::1","level":"debug","message":"Retrieved classId from student","studentId":"12345","timestamp":"2025-08-18T19:17:09.310Z"}
{"camera_type":"entry","classId":"689df90aef0e930fbf45da1e","clientIp":"::1","level":"info","message":"Attendance recorded","studentId":"12345","timestamp":"2025-08-18 20:17"}
{"clientIp":"::1","level":"info","message":"WebSocket client disconnected","timestamp":"2025-08-18T19:18:46.301Z"}
